ticker,primary_etf,effective_from,effective_to,status,mapping_note
ARNC,ITA.US,,2020-03-31,approved,user_reviewed_legacy_arconic_aerospace_proxy
ARNC,XME.US,2020-04-01,,approved,user_reviewed_new_arconic_aluminum_metals_proxy
CPRI,XRT.US,2019-01-02,,approved,user_reviewed_successor_to_kors_retail_proxy
GE,PPA.US,2023-01-01,2023-12-31,approved,user_reviewed_combined_ge_aerospace_industrial_proxy
QRVO,SOXX.US,2019-11-11,2020-01-21,approved,user_reviewed_semiconductor_industry_proxy
FTNT,CIBR.US,2021-07-12,2021-09-20,approved,user_reviewed_cybersecurity_industry_proxy
CAH,IHF.US,2022-08-15,2023-02-06,approved,user_reviewed_healthcare_providers_industry_proxy
M,XRT.US,2018-04-05,2018-08-15,approved,user_reviewed_department_store_retail_proxy
AXON,XAR.US,2023-12-20,2024-12-16,approved,user_reviewed_aerospace_defense_industry_proxy
ADBE,IGV.US,2023-10-16,2023-11-27,approved,user_reviewed_software_industry_proxy
MMM,XLI.US,2024-08-01,2024-09-16,approved,user_reviewed_broad_industrials_proxy
ATVI,PBS.US,2016-01-04,2017-06-20,approved,user_reviewed_media_industry_proxy
CPRI,,2017-12-01,2019-01-01,excluded,user_reviewed_invalid_pre_2019_ticker_identity
DISCA,PBS.US,2018-10-15,2021-04-05,approved,user_reviewed_media_industry_proxy
URI,PKB.US,2017-03-01,2023-03-01,approved,user_reviewed_building_construction_industry_proxy
COTY,RHS.US,2019-05-15,2019-07-10,approved,user_reviewed_consumer_staples_industry_proxy
HES,IEO.US,2022-11-01,2023-01-26,approved,user_reviewed_oil_gas_exploration_industry_proxy
IRM,SRVR.US,2024-08-05,2024-11-05,approved,user_reviewed_data_infrastructure_real_estate_proxy
HSY,PBJ.US,2019-07-26,2019-10-01,approved,user_reviewed_food_beverage_industry_proxy
APA,XOP.US,2020-01-15,2022-06-21,approved,user_reviewed_oil_gas_exploration_industry_proxy
SLB,OIH.US,2023-01-03,2023-02-15,approved,user_reviewed_oil_services_industry_proxy
IT,XSW.US,2021-09-10,2021-10-01,approved,user_reviewed_software_industry_proxy
MOS,MOO.US,2021-04-26,2022-04-20,approved,user_reviewed_fertilizer_agribusiness_industry_proxy
ALB,LIT.US,2020-11-20,2022-09-15,approved,user_reviewed_lithium_battery_industry_proxy
ARG,IYM.US,2016-02-05,2016-04-26,approved,user_reviewed_basic_materials_industry_proxy
HAS,PEJ.US,2019-09-16,2019-10-21,approved,user_reviewed_leisure_entertainment_industry_proxy
GILD,IBB.US,2020-03-20,2023-02-10,approved,user_reviewed_biotechnology_industry_proxy
WMB,ENFR.US,2016-08-26,2016-10-17,approved,user_reviewed_energy_infrastructure_industry_proxy
ABBV,IHE.US,2018-02-01,2022-03-07,approved,user_reviewed_pharmaceuticals_industry_proxy
TRIP,PEJ.US,2018-06-26,2019-02-05,approved,user_reviewed_leisure_entertainment_industry_proxy
WST,IHI.US,2020-07-27,2020-08-20,approved,user_reviewed_medical_devices_industry_proxy
GDDY,FDN.US,2024-09-05,2024-09-10,approved,user_reviewed_internet_industry_proxy
NKTR,XBI.US,2018-05-21,2018-05-21,approved,user_reviewed_biotechnology_industry_proxy
DHR,IHI.US,2016-07-11,2016-09-15,approved,user_reviewed_medical_devices_industry_proxy
KR,PBJ.US,2020-03-20,2020-04-06,approved,user_reviewed_food_beverage_industry_proxy
WRK,WOOD.US,2023-12-01,2024-01-05,approved,user_reviewed_forest_products_industry_proxy
HRB,IYC.US,2017-07-03,2017-08-07,approved,user_reviewed_consumer_services_proxy
ANDV,CRAK.US,2018-08-01,2018-08-20,approved,user_reviewed_oil_refiners_industry_proxy
FDX,IYT.US,2020-09-15,2020-12-01,approved,user_reviewed_transportation_industry_proxy
PYPL,IPAY.US,2017-07-17,2020-09-01,approved,user_reviewed_payments_industry_proxy
MAT,PEJ.US,2016-02-05,2016-04-20,approved,user_reviewed_leisure_entertainment_industry_proxy
XRX,XTH.US,2019-05-20,2019-07-10,approved,user_reviewed_technology_industry_proxy
DFS,IPAY.US,2021-08-05,2021-08-10,approved,user_reviewed_payments_industry_proxy
CPRT,IYT.US,2019-07-22,2020-02-05,approved,user_reviewed_transportation_industry_proxy
EPAM,XSW.US,2022-08-01,2022-09-12,approved,user_reviewed_software_services_industry_proxy
TIF,XRT.US,2019-12-10,2020-02-26,approved,user_reviewed_specialty_retail_industry_proxy
TSS,IPAY.US,2019-06-03,2019-09-16,approved,user_reviewed_payments_industry_proxy
ULTA,RTH.US,2016-07-20,2023-02-06,approved,user_reviewed_specialty_retail_industry_proxy
VTR,REZ.US,2024-09-05,2024-09-10,approved,user_reviewed_healthcare_residential_reit_proxy
CCL,PEJ.US,2021-04-12,2023-08-28,approved,user_reviewed_leisure_travel_industry_proxy
EQIX,ICF.US,2016-02-05,2020-04-01,approved,user_reviewed_us_reit_industry_proxy
K,PBJ.US,2024-08-15,2024-09-10,approved,user_reviewed_food_beverage_industry_proxy
QCOM,SOXX.US,2019-07-05,2020-10-15,approved,user_reviewed_semiconductor_industry_proxy
SWN,XOP.US,2016-05-20,2016-09-12,approved,user_reviewed_oil_gas_exploration_industry_proxy
ZION,IAT.US,2023-10-05,2024-01-10,approved,user_reviewed_regional_banks_industry_proxy
ACGL,IAK.US,2023-02-10,2023-02-27,approved,user_reviewed_insurance_industry_proxy
BIIB,IBB.US,2020-03-16,2023-02-06,approved,user_reviewed_biotechnology_industry_proxy
CINF,IAK.US,2019-09-16,2019-10-21,approved,user_reviewed_insurance_industry_proxy
GPC,FTXR.US,2022-08-05,2022-11-28,approved,user_reviewed_transportation_industry_proxy
PCG,XLU.US,2022-12-05,2023-02-27,approved,user_reviewed_utilities_industry_proxy
SWKS,SOXX.US,2020-01-21,2020-02-03,approved,user_reviewed_semiconductor_industry_proxy
CHK,XOP.US,2016-08-10,2016-10-20,approved,user_reviewed_oil_gas_exploration_industry_proxy
GE,PPA.US,2024-04-22,2024-04-22,approved,user_reviewed_ge_aerospace_industry_proxy
ROL,,2020-09-15,2020-10-20,excluded,user_reviewed_no_direct_historical_industry_etf
BAC,KBWB.US,2017-03-10,2017-03-10,approved,user_reviewed_us_banks_industry_proxy
CI,IHF.US,2022-09-20,2022-10-05,approved,user_reviewed_healthcare_providers_industry_proxy
IDXX,PAWZ.US,2020-11-16,2020-11-20,approved,user_reviewed_pet_care_industry_proxy
ILMN,ARKG.US,2018-09-04,2018-10-05,approved,user_reviewed_genomics_industry_proxy
NOC,ITA.US,2019-09-26,2019-10-01,approved,user_reviewed_aerospace_defense_industry_proxy
TRGP,MLPX.US,2024-12-02,2024-12-10,approved,user_reviewed_midstream_energy_infrastructure_proxy
CBRE,XLRE.US,2024-11-05,2024-11-05,approved,user_reviewed_real_estate_industry_proxy
COF,KBWB.US,2021-05-03,2021-05-03,approved,user_reviewed_us_banks_industry_proxy
DG,RTH.US,2019-10-07,2019-10-10,approved,user_reviewed_large_retail_industry_proxy
F,CARZ.US,2022-01-18,2022-01-18,approved,user_reviewed_automotive_industry_proxy
GAS,XLU.US,2016-01-11,2016-02-05,approved,user_reviewed_regulated_utility_proxy
GMCR,PBJ.US,2016-01-11,2016-01-26,approved,user_reviewed_food_beverage_industry_proxy
JWN,XRT.US,2018-10-26,2018-11-01,approved,user_reviewed_retail_industry_proxy
KMX,XRT.US,2019-07-26,2019-08-05,approved,user_reviewed_retail_industry_proxy
MTB,IAT.US,2022-09-20,2022-09-20,approved,user_reviewed_regional_banks_industry_proxy
TTWO,GAMR.US,2019-08-26,2019-09-20,approved,user_reviewed_video_games_industry_proxy
TWTR,SOCL.US,2019-08-01,2019-08-05,approved,user_reviewed_social_media_industry_proxy
UA,,2018-07-02,2018-07-10,excluded,user_reviewed_no_direct_historical_industry_etf
XOM,XLE.US,2023-01-05,2023-01-10,approved,user_reviewed_integrated_energy_industry_proxy
XRAY,IHI.US,2019-05-10,2019-05-15,approved,user_reviewed_medical_devices_industry_proxy
ADSK,IGV.US,2017-05-26,2017-05-26,approved,user_reviewed_software_industry_proxy
ALL,KBWP.US,2024-01-26,2024-01-26,approved,user_reviewed_property_casualty_insurance_industry_proxy
CAT,PAVE.US,2018-01-16,2018-01-16,approved,user_reviewed_infrastructure_industry_proxy
CHD,RHS.US,2018-12-17,2018-12-20,approved,user_reviewed_consumer_staples_industry_proxy
FMC,MOO.US,2017-08-07,2017-08-10,approved,user_reviewed_agribusiness_industry_proxy
HAL,OIH.US,2023-01-10,2023-01-20,approved,user_reviewed_oil_services_industry_proxy
MHK,XHB.US,2021-05-05,2021-05-05,approved,user_reviewed_homebuilding_products_industry_proxy
MLM,PAVE.US,2019-09-26,2019-09-26,approved,user_reviewed_infrastructure_industry_proxy
MSCI,IAI.US,2019-05-28,2019-07-22,approved,user_reviewed_investment_services_industry_proxy
RMD,IHI.US,2020-04-13,2020-04-20,approved,user_reviewed_medical_devices_industry_proxy
AIZ,IAK.US,2019-10-01,2019-11-01,approved,user_reviewed_insurance_industry_proxy
CTL,IYZ.US,2018-08-20,2018-08-20,approved,user_reviewed_telecom_services_industry_proxy
CTXS,IGV.US,2020-04-06,2020-04-06,approved,user_reviewed_software_industry_proxy
DHI,ITB.US,2017-12-05,2017-12-05,approved,user_reviewed_homebuilders_industry_proxy
DVA,IHF.US,2020-03-10,2020-04-01,approved,user_reviewed_healthcare_providers_industry_proxy
FL,XRT.US,2019-02-20,2019-02-20,approved,user_reviewed_retail_industry_proxy
HII,ITA.US,2022-09-12,2022-09-12,approved,user_reviewed_aerospace_defense_industry_proxy
IR,XHB.US,2018-01-10,2018-01-10,approved,user_reviewed_homebuilding_products_industry_proxy
MSI,XTL.US,2019-06-17,2019-06-20,approved,user_reviewed_communications_equipment_industry_proxy
MTD,IHI.US,2017-07-03,2017-07-03,approved,user_reviewed_medical_devices_industry_proxy
MCD,PEJ.US,2016-01-26,2016-01-26,approved,user_reviewed_leisure_restaurants_industry_proxy
NI,XLU.US,2016-02-05,2016-02-05,approved,user_reviewed_utilities_industry_proxy
O,ICF.US,2016-02-05,2016-02-05,approved,user_reviewed_us_reit_industry_proxy
VMC,PKB.US,2016-06-10,2016-06-10,approved,user_reviewed_building_construction_industry_proxy
XYL,PHO.US,2016-06-15,2016-06-15,approved,user_reviewed_water_industry_proxy
WFM,PBJ.US,2017-07-17,2017-07-17,approved,user_reviewed_food_beverage_industry_proxy
CAT,PAVE.US,2017-12-26,2017-12-26,approved,user_reviewed_infrastructure_industry_proxy
UAA,,2018-07-10,2018-11-01,excluded,user_reviewed_no_direct_historical_industry_etf
XL,KBWP.US,2018-07-26,2018-07-26,approved,user_reviewed_property_casualty_insurance_industry_proxy
ANDV,CRAK.US,2018-09-10,2018-09-10,approved,user_reviewed_oil_refiners_industry_proxy
TJX,RTH.US,2018-10-26,2018-10-26,approved,user_reviewed_large_retail_industry_proxy
UAL,JETS.US,2018-10-26,2018-11-26,approved,user_reviewed_airlines_industry_proxy
IR,XHB.US,2019-05-15,2019-05-15,approved,user_reviewed_homebuilding_products_industry_proxy
SBAC,SRVR.US,2019-06-03,2019-06-26,approved,user_reviewed_data_infrastructure_real_estate_proxy
AMT,SRVR.US,2019-06-05,2019-06-05,approved,user_reviewed_data_infrastructure_real_estate_proxy
MTD,IHI.US,2019-06-10,2019-06-10,approved,user_reviewed_medical_devices_industry_proxy
APD,IYM.US,2019-06-26,2019-06-26,approved,user_reviewed_basic_materials_industry_proxy
DIS,PBS.US,2019-07-15,2019-07-15,approved,user_reviewed_media_industry_proxy
RMD,IHI.US,2019-09-26,2019-10-28,approved,user_reviewed_medical_devices_industry_proxy
STT,KCE.US,2020-01-15,2020-01-21,approved,user_reviewed_capital_markets_industry_proxy
CPB,PBJ.US,2020-03-20,2020-03-20,approved,user_reviewed_food_beverage_industry_proxy
MSCI,IAI.US,2020-04-01,2020-04-01,approved,user_reviewed_investment_services_industry_proxy
SBAC,SRVR.US,2020-04-13,2020-04-13,approved,user_reviewed_data_infrastructure_real_estate_proxy
HAL,OIH.US,2020-08-20,2020-08-20,approved,user_reviewed_oil_services_industry_proxy
WHR,XHB.US,2020-09-01,2020-09-01,approved,user_reviewed_homebuilding_products_industry_proxy
NOW,IGV.US,2020-09-15,2020-09-15,approved,user_reviewed_software_industry_proxy
MTD,IHI.US,2020-11-16,2020-11-16,approved,user_reviewed_medical_devices_industry_proxy
PVH,,2020-12-10,2020-12-10,excluded,user_reviewed_no_direct_historical_industry_etf
MGM,BJK.US,2020-12-28,2020-12-28,approved,user_reviewed_gaming_industry_proxy
COST,RTH.US,2022-03-07,2022-03-07,approved,user_reviewed_large_retail_industry_proxy
BKR,OIH.US,2022-03-15,2022-03-15,approved,user_reviewed_oil_services_industry_proxy
CVX,XLE.US,2022-03-15,2022-03-15,approved,user_reviewed_integrated_energy_industry_proxy
MRK,IHE.US,2022-07-15,2022-07-15,approved,user_reviewed_pharmaceuticals_industry_proxy
VICI,NETL.US,2022-09-20,2022-09-20,approved,user_reviewed_net_lease_real_estate_proxy
HUM,IHF.US,2022-09-26,2022-09-26,approved,user_reviewed_healthcare_providers_industry_proxy
NLSN,,2022-09-26,2022-09-26,excluded,user_reviewed_no_direct_historical_industry_etf
MRK,IHE.US,2023-01-20,2023-01-20,approved,user_reviewed_pharmaceuticals_industry_proxy
UAL,JETS.US,2023-02-06,2023-02-06,approved,user_reviewed_airlines_industry_proxy
KEY,IAT.US,2024-01-05,2024-01-05,approved,user_reviewed_regional_banks_industry_proxy
GL,IAK.US,2024-09-16,2024-09-16,approved,user_reviewed_insurance_industry_proxy
UAL,JETS.US,2024-12-20,2024-12-26,approved,user_reviewed_airlines_industry_proxy
TER,SOXX.US,2026-01-02,2026-06-26,approved,user_reviewed_semiconductor_industry_proxy
GE,PPA.US,2024-01-02,2024-10-21,approved,user_reviewed_aerospace_defense_industry_proxy
XOM,XLE.US,2022-01-20,2022-12-20,approved,user_reviewed_integrated_energy_industry_proxy
GLW,,2026-01-02,2026-06-26,excluded,user_reviewed_no_direct_historical_industry_etf
NI,XLU.US,2016-01-04,2016-08-26,approved,user_reviewed_utilities_industry_proxy
PM,VICE.US,2025-02-26,2025-07-21,approved,user_reviewed_vice_industry_proxy
IDXX,IHI.US,2017-03-15,2017-08-01,approved,user_reviewed_medical_devices_industry_proxy
AMT,SRVR.US,2019-01-02,2019-10-21,approved,user_reviewed_data_infrastructure_real_estate_proxy
TRGP,MLPX.US,2024-04-26,2024-12-26,approved,user_reviewed_midstream_energy_infrastructure_proxy
ACGL,IAK.US,2023-01-05,2023-11-15,approved,user_reviewed_insurance_industry_proxy
IT,XSW.US,2021-06-21,2021-12-27,approved,user_reviewed_software_services_industry_proxy
O,ICF.US,2016-02-01,2016-09-26,approved,user_reviewed_us_reit_industry_proxy
FTNT,CIBR.US,2021-04-15,2021-12-27,approved,user_reviewed_cybersecurity_industry_proxy
ADBE,IGV.US,2018-02-26,2018-10-10,approved,user_reviewed_software_industry_proxy
CMA,IAT.US,2017-01-03,2017-08-07,approved,user_reviewed_regional_banks_industry_proxy
BAC,KBWB.US,2017-01-03,2017-10-02,approved,user_reviewed_us_banks_industry_proxy
MSCI,IAI.US,2020-02-03,2020-11-10,approved,user_reviewed_investment_services_industry_proxy
FMC,MOO.US,2017-04-03,2017-11-20,approved,user_reviewed_agribusiness_industry_proxy
CI,IHF.US,2022-06-27,2022-12-27,approved,user_reviewed_healthcare_providers_industry_proxy
RF,IAT.US,2017-01-03,2017-07-10,approved,user_reviewed_regional_banks_industry_proxy
NOW,IGV.US,2020-02-18,2020-12-28,approved,user_reviewed_software_industry_proxy
VRSN,HACK.US,2025-03-10,2025-09-15,approved,user_reviewed_cybersecurity_industry_proxy
PSA,REZ.US,2016-01-04,2016-06-06,approved,user_reviewed_residential_multisector_reit_proxy
O,ICF.US,2019-01-02,2019-05-06,approved,user_reviewed_us_reit_industry_proxy
SYMC,HACK.US,2016-07-05,2016-12-15,approved,user_reviewed_cybersecurity_industry_proxy
FIX,PAVE.US,2026-02-26,2026-06-22,approved,user_reviewed_infrastructure_industry_proxy
ALB,LIT.US,2026-01-02,2026-05-11,approved,user_reviewed_lithium_battery_industry_proxy
ADSK,IGV.US,2017-01-10,2017-11-06,approved,user_reviewed_software_industry_proxy
APH,MADE.US,2025-07-28,2025-12-26,approved,user_reviewed_us_manufacturing_industry_proxy
DHI,ITB.US,2023-02-15,2023-09-15,approved,user_reviewed_homebuilders_industry_proxy
WELL,REZ.US,2019-01-02,2019-10-21,approved,user_reviewed_healthcare_residential_reit_proxy
ATVI,GAMR.US,2020-01-15,2020-10-01,approved,user_reviewed_video_games_industry_proxy
HAL,OIH.US,2022-01-18,2022-12-15,approved,user_reviewed_oil_services_industry_proxy
DASH,IBUY.US,2025-05-27,2025-10-27,approved,user_reviewed_online_retail_industry_proxy
CPB,PBJ.US,2016-01-20,2016-05-20,approved,user_reviewed_food_beverage_industry_proxy
CIEN,XTL.US,2026-04-15,2026-06-26,approved,user_reviewed_communications_equipment_industry_proxy
COF,KBWB.US,2021-01-11,2021-10-01,approved,user_reviewed_us_banks_industry_proxy
CTXS,IGV.US,2020-03-10,2020-07-20,approved,user_reviewed_software_industry_proxy
SBAC,SRVR.US,2019-02-05,2019-10-21,approved,user_reviewed_data_infrastructure_real_estate_proxy
WBD,PBS.US,2026-01-02,2026-03-10,approved,user_reviewed_media_industry_proxy
GE,PPA.US,2025-05-12,2025-12-22,approved,user_reviewed_aerospace_defense_industry_proxy
T,IYZ.US,2025-02-26,2025-07-28,approved,user_reviewed_telecom_services_industry_proxy
PXD,IEO.US,2022-01-18,2022-08-01,approved,user_reviewed_oil_gas_exploration_industry_proxy
WBD,PBS.US,2025-03-03,2025-12-26,approved,user_reviewed_media_industry_proxy
AXON,XAR.US,2025-01-02,2025-08-26,approved,user_reviewed_aerospace_defense_industry_proxy
RAI,XLP.US,2016-01-04,2016-07-05,approved,user_reviewed_consumer_staples_proxy
CINF,IAK.US,2019-04-26,2019-09-10,approved,user_reviewed_insurance_industry_proxy
LLTC,SOXX.US,2016-08-01,2016-12-27,approved,user_reviewed_semiconductor_industry_proxy
ADBE,IGV.US,2023-06-20,2023-12-20,approved,user_reviewed_software_industry_proxy
MCD,PEJ.US,2016-01-04,2016-05-10,approved,user_reviewed_leisure_restaurants_industry_proxy
PG,XLP.US,2019-01-02,2019-10-10,approved,user_reviewed_consumer_staples_proxy
EOG,IEO.US,2022-01-05,2022-12-20,approved,user_reviewed_oil_gas_exploration_industry_proxy
SCG,XLU.US,2016-02-05,2016-07-11,approved,user_reviewed_utilities_industry_proxy
GIS,PBJ.US,2022-07-01,2022-12-27,approved,user_reviewed_food_beverage_industry_proxy
ZION,IAT.US,2017-01-03,2017-03-15,approved,user_reviewed_regional_banks_industry_proxy
WST,IHI.US,2020-08-26,2020-12-28,approved,user_reviewed_medical_devices_industry_proxy
CAH,IHF.US,2025-04-07,2025-11-10,approved,user_reviewed_healthcare_providers_industry_proxy
ETR,XLU.US,2025-01-02,2025-10-27,approved,user_reviewed_utilities_industry_proxy
CHD,RHS.US,2019-01-02,2019-06-26,approved,user_reviewed_consumer_staples_industry_proxy
MRK,IHE.US,2019-01-02,2019-07-05,approved,user_reviewed_pharmaceuticals_industry_proxy
CFG,IAT.US,2017-01-03,2017-05-10,approved,user_reviewed_regional_banks_industry_proxy
TRGP,MLPX.US,2025-01-02,2025-04-01,approved,user_reviewed_midstream_energy_infrastructure_proxy
GDDY,FDN.US,2024-08-26,2024-12-26,approved,user_reviewed_internet_industry_proxy
HPE,XTH.US,2016-04-11,2016-12-27,approved,user_reviewed_technology_industry_proxy
BBY,XRT.US,2017-01-03,2017-08-28,approved,user_reviewed_retail_industry_proxy
ISRG,IHI.US,2017-05-10,2017-12-11,approved,user_reviewed_medical_devices_industry_proxy
DFS,IPAY.US,2021-01-04,2021-10-01,approved,user_reviewed_payments_industry_proxy
XYL,PHO.US,2016-05-20,2016-11-07,approved,user_reviewed_water_industry_proxy
GILD,IBB.US,2025-02-26,2025-10-20,approved,user_reviewed_biotechnology_industry_proxy
TTWO,GAMR.US,2025-02-26,2025-11-03,approved,user_reviewed_video_games_industry_proxy
ORCL,IGV.US,2023-02-21,2023-09-11,approved,user_reviewed_software_industry_proxy
TPL,IEO.US,2025-02-03,2025-05-20,approved,user_reviewed_oil_gas_exploration_industry_proxy
DXC,XSW.US,2021-05-20,2021-08-26,approved,user_reviewed_software_services_industry_proxy
FOX,PBS.US,2025-01-02,2025-07-01,approved,user_reviewed_media_industry_proxy
ABBV,IHE.US,2017-09-11,2017-12-26,approved,user_reviewed_pharmaceuticals_industry_proxy
HSY,PBJ.US,2019-05-10,2019-10-21,approved,user_reviewed_food_beverage_industry_proxy
UAL,JETS.US,2025-01-02,2025-10-06,approved,user_reviewed_airlines_industry_proxy
VRSN,HACK.US,2019-01-10,2019-07-22,approved,user_reviewed_cybersecurity_industry_proxy
LNC,KIE.US,2017-01-03,2017-03-15,approved,user_reviewed_insurance_industry_proxy
NOC,ITA.US,2022-03-10,2022-12-27,approved,user_reviewed_aerospace_defense_industry_proxy
FOXA,PBS.US,2025-01-06,2025-10-06,approved,user_reviewed_media_industry_proxy
STZ,PBJ.US,2016-01-04,2016-05-16,approved,user_reviewed_food_beverage_industry_proxy
CINF,IAK.US,2016-02-10,2016-09-15,approved,user_reviewed_insurance_industry_proxy
CLX,RHS.US,2020-03-20,2020-09-15,approved,user_reviewed_consumer_staples_industry_proxy
PYPL,IPAY.US,2020-09-08,2020-12-28,approved,user_reviewed_payments_industry_proxy
ORLY,RTH.US,2018-08-10,2018-12-17,approved,user_reviewed_large_retail_industry_proxy
DISCK,PBS.US,2018-09-17,2018-12-10,approved,user_reviewed_media_industry_proxy
BLDR,PKB.US,2024-02-26,2024-05-06,approved,user_reviewed_building_construction_industry_proxy
RL,,2018-01-26,2018-08-10,excluded,user_reviewed_no_direct_historical_industry_etf
CPRT,IYT.US,2023-04-03,2023-11-15,approved,user_reviewed_transportation_industry_proxy
XOM,XLE.US,2023-01-03,2023-05-01,approved,user_reviewed_integrated_energy_industry_proxy
DHI,ITB.US,2017-11-01,2017-12-26,approved,user_reviewed_homebuilders_industry_proxy
EL,RHS.US,2018-02-12,2018-05-01,approved,user_reviewed_consumer_staples_industry_proxy
LDOS,PPA.US,2020-01-02,2020-04-27,approved,user_reviewed_aerospace_defense_industry_proxy
LEN,ITB.US,2023-02-15,2023-08-07,approved,user_reviewed_homebuilders_industry_proxy
ESRX,IHF.US,2018-10-05,2018-12-20,approved,user_reviewed_healthcare_providers_industry_proxy
ETFC,IAI.US,2018-04-10,2018-07-02,approved,user_reviewed_investment_services_industry_proxy
SWKS,SOXX.US,2020-01-06,2020-10-26,approved,user_reviewed_semiconductor_industry_proxy
DG,RTH.US,2019-01-07,2019-11-26,approved,user_reviewed_large_retail_industry_proxy
GLW,,2025-09-05,2025-12-26,excluded,user_reviewed_no_direct_historical_industry_etf
HES,IEO.US,2022-01-18,2022-10-26,approved,user_reviewed_oil_gas_exploration_industry_proxy
LITE,XTL.US,2026-05-26,2026-06-26,approved,user_reviewed_communications_equipment_industry_proxy
MSFT,IGV.US,2020-02-03,2020-10-20,approved,user_reviewed_software_industry_proxy
URI,PAVE.US,2024-02-15,2024-11-01,approved,user_reviewed_infrastructure_industry_proxy
KEY,IAT.US,2017-01-03,2017-04-26,approved,user_reviewed_regional_banks_industry_proxy
CBOE,IAI.US,2017-09-26,2017-12-26,approved,user_reviewed_investment_services_industry_proxy
CRWD,CIBR.US,2025-02-03,2025-11-10,approved,user_reviewed_cybersecurity_industry_proxy
EBAY,IBUY.US,2025-06-10,2025-10-27,approved,user_reviewed_online_retail_industry_proxy
CVX,XLE.US,2022-02-07,2022-12-20,approved,user_reviewed_integrated_energy_industry_proxy
EA,GAMR.US,2017-05-15,2017-09-20,approved,user_reviewed_video_games_industry_proxy
GAS,XLU.US,2016-01-04,2016-06-27,approved,user_reviewed_utilities_industry_proxy
CRL,IHI.US,2021-08-02,2021-11-01,approved,user_reviewed_medical_devices_industry_proxy
EXR,REZ.US,2021-06-21,2021-12-27,approved,user_reviewed_residential_multisector_reit_proxy
SYF,IPAY.US,2024-04-22,2024-12-26,approved,user_reviewed_payments_industry_proxy
TSCO,RTH.US,2018-01-10,2018-12-17,approved,user_reviewed_large_retail_industry_proxy
MRK,IHE.US,2018-10-15,2018-12-26,approved,user_reviewed_pharmaceuticals_industry_proxy
NDAQ,IAI.US,2016-01-20,2016-04-01,approved,user_reviewed_investment_services_industry_proxy
SNPS,IGV.US,2023-03-20,2023-12-11,approved,user_reviewed_software_industry_proxy
WU,IPAY.US,2019-08-05,2019-12-26,approved,user_reviewed_payments_industry_proxy
INTU,IGV.US,2021-08-20,2021-12-15,approved,user_reviewed_software_industry_proxy
FTNT,CIBR.US,2025-01-02,2025-07-28,approved,user_reviewed_cybersecurity_industry_proxy
ILMN,ARKG.US,2018-01-16,2018-10-22,approved,user_reviewed_genomics_industry_proxy
JCI,XHB.US,2016-05-26,2016-12-27,approved,user_reviewed_homebuilding_products_industry_proxy
ULTA,RTH.US,2023-02-10,2023-05-01,approved,user_reviewed_large_retail_industry_proxy
MOS,MOO.US,2022-04-26,2022-08-26,approved,user_reviewed_agribusiness_industry_proxy
WST,IHI.US,2021-01-04,2021-10-05,approved,user_reviewed_medical_devices_industry_proxy
IDXX,PAWZ.US,2020-08-03,2020-12-28,approved,user_reviewed_pet_care_industry_proxy
ADM,MOO.US,2022-02-01,2022-12-27,approved,user_reviewed_agribusiness_industry_proxy
KR,PBJ.US,2020-03-10,2020-10-05,approved,user_reviewed_food_beverage_industry_proxy
SPG,ICF.US,2021-03-26,2021-12-27,approved,user_reviewed_us_reit_industry_proxy
HES,IEO.US,2018-04-20,2018-10-15,approved,user_reviewed_oil_gas_exploration_industry_proxy
JBL,MADE.US,2025-02-18,2025-10-01,approved,user_reviewed_us_manufacturing_industry_proxy
BKNG,PEJ.US,2023-04-03,2023-12-26,approved,user_reviewed_leisure_travel_industry_proxy
DLR,ICF.US,2016-07-20,2016-09-06,approved,user_reviewed_us_reit_industry_proxy
DVA,IHF.US,2020-01-21,2020-12-28,approved,user_reviewed_healthcare_providers_industry_proxy
ETN,PAVE.US,2023-06-26,2023-11-20,approved,user_reviewed_infrastructure_industry_proxy
ORLY,RTH.US,2019-01-15,2019-05-06,approved,user_reviewed_large_retail_industry_proxy
QCOM,SOXX.US,2024-01-22,2024-07-10,approved,user_reviewed_semiconductor_industry_proxy
PGR,KBWP.US,2024-01-05,2024-09-10,approved,user_reviewed_property_casualty_insurance_industry_proxy
ON,SOXX.US,2023-01-17,2023-09-26,approved,user_reviewed_semiconductor_industry_proxy
ADBE,IGV.US,2020-02-20,2020-10-26,approved,user_reviewed_software_industry_proxy
FTNT,CIBR.US,2020-02-03,2020-08-03,approved,user_reviewed_cybersecurity_industry_proxy
EQIX,SRVR.US,2020-04-06,2020-10-20,approved,user_reviewed_data_infrastructure_real_estate_proxy
FL,XRT.US,2019-01-07,2019-04-26,approved,user_reviewed_retail_industry_proxy
COHR,XTL.US,2026-05-26,2026-06-26,approved,user_reviewed_communications_equipment_industry_proxy
URI,PKB.US,2017-01-03,2017-02-27,approved,user_reviewed_building_construction_industry_proxy
F,CARZ.US,2022-01-03,2022-02-01,approved,user_reviewed_automotive_industry_proxy
ALB,LIT.US,2016-09-01,2016-12-27,approved,user_reviewed_lithium_battery_industry_proxy
DECK,,2024-05-28,2024-08-05,excluded,user_reviewed_no_direct_historical_industry_etf
MPWR,SOXX.US,2024-02-12,2024-10-28,approved,user_reviewed_semiconductor_industry_proxy
MTD,IHI.US,2017-05-22,2017-08-01,approved,user_reviewed_medical_devices_industry_proxy
BBY,XRT.US,2016-08-26,2016-12-20,approved,user_reviewed_retail_industry_proxy
EOG,IEO.US,2021-03-10,2021-10-26,approved,user_reviewed_oil_gas_exploration_industry_proxy
DHR,IHI.US,2016-09-20,2016-12-27,approved,user_reviewed_medical_devices_industry_proxy
ISRG,IHI.US,2016-02-26,2016-10-17,approved,user_reviewed_medical_devices_industry_proxy
CNC,IHF.US,2018-01-02,2018-10-22,approved,user_reviewed_healthcare_providers_industry_proxy
MRK,IHE.US,2022-06-27,2022-12-15,approved,user_reviewed_pharmaceuticals_industry_proxy
EQT,IEO.US,2025-01-06,2025-10-06,approved,user_reviewed_oil_gas_exploration_industry_proxy
MSCI,IAI.US,2021-08-05,2021-11-22,approved,user_reviewed_investment_services_industry_proxy
TMUS,IYZ.US,2020-04-06,2020-12-10,approved,user_reviewed_telecom_services_industry_proxy
EFX,,2021-07-15,2021-10-15,excluded,user_reviewed_no_direct_historical_industry_etf
ULTA,RTH.US,2016-06-20,2016-07-15,approved,user_reviewed_large_retail_industry_proxy
WRB,KBWP.US,2022-06-21,2022-12-12,approved,user_reviewed_property_casualty_insurance_industry_proxy
ETN,PAVE.US,2024-03-26,2024-06-03,approved,user_reviewed_infrastructure_industry_proxy
BCR,IHI.US,2017-04-26,2017-08-15,approved,user_reviewed_medical_devices_industry_proxy
CMA,IAT.US,2016-11-10,2016-12-27,approved,user_reviewed_regional_banks_industry_proxy
DE,MOO.US,2021-01-04,2021-05-17,approved,user_reviewed_agribusiness_industry_proxy
MCHP,SOXX.US,2016-06-10,2016-12-27,approved,user_reviewed_semiconductor_industry_proxy
TT,XHB.US,2024-02-05,2024-10-28,approved,user_reviewed_homebuilding_products_industry_proxy
NWSA,PBS.US,2021-02-01,2021-05-10,approved,user_reviewed_media_industry_proxy
UA,,2018-05-07,2018-11-26,excluded,user_reviewed_no_direct_historical_industry_etf
GPN,IPAY.US,2019-05-10,2019-12-26,approved,user_reviewed_payments_industry_proxy
SBAC,SRVR.US,2020-04-01,2020-09-15,approved,user_reviewed_data_infrastructure_real_estate_proxy
ZBRA,ROBO.US,2021-01-04,2021-09-20,approved,user_reviewed_robotics_automation_industry_proxy
MSCI,IAI.US,2019-04-10,2019-12-05,approved,user_reviewed_investment_services_industry_proxy
RHI,,2018-07-26,2018-08-27,excluded,user_reviewed_no_direct_historical_industry_etf
RMD,IHI.US,2020-01-06,2020-11-20,approved,user_reviewed_medical_devices_industry_proxy
CAT,PAVE.US,2018-01-02,2018-02-26,approved,user_reviewed_infrastructure_industry_proxy
MLM,PAVE.US,2019-08-01,2019-11-01,approved,user_reviewed_infrastructure_industry_proxy
CHD,RHS.US,2018-10-15,2018-12-26,approved,user_reviewed_consumer_staples_industry_proxy
ORCL,IGV.US,2024-09-20,2024-12-10,approved,user_reviewed_software_industry_proxy
ROL,,2020-06-01,2020-12-28,excluded,user_reviewed_no_direct_historical_industry_etf
QRVO,SOXX.US,2020-01-27,2020-12-28,approved,user_reviewed_semiconductor_industry_proxy
ATVI,GAMR.US,2017-06-26,2017-12-15,approved,user_reviewed_video_games_industry_proxy
MPWR,SOXX.US,2021-09-07,2021-12-10,approved,user_reviewed_semiconductor_industry_proxy
SNPS,IGV.US,2019-04-26,2019-11-01,approved,user_reviewed_software_industry_proxy
AKAM,FDN.US,2018-02-12,2018-06-20,approved,user_reviewed_internet_industry_proxy
MGM,BJK.US,2021-01-04,2021-07-06,approved,user_reviewed_gaming_industry_proxy
MS,IAI.US,2017-01-03,2017-07-05,approved,user_reviewed_investment_services_industry_proxy
SYMC,HACK.US,2017-02-06,2017-06-05,approved,user_reviewed_cybersecurity_industry_proxy
GOOGL,FDN.US,2016-01-04,2016-04-20,approved,user_reviewed_internet_industry_proxy
PODD,IHI.US,2025-01-27,2025-09-10,approved,user_reviewed_medical_devices_industry_proxy
APP,IGV.US,2025-11-26,2025-12-26,approved,user_reviewed_software_industry_proxy
CCL,PEJ.US,2025-01-02,2025-10-01,approved,user_reviewed_leisure_travel_industry_proxy
HII,ITA.US,2026-01-12,2026-03-05,approved,user_reviewed_aerospace_defense_industry_proxy
TJX,RTH.US,2018-06-26,2018-11-15,approved,user_reviewed_large_retail_industry_proxy
DPZ,PEJ.US,2020-07-15,2020-10-20,approved,user_reviewed_leisure_restaurants_industry_proxy
QCOM,SOXX.US,2020-10-26,2020-12-28,approved,user_reviewed_semiconductor_industry_proxy
EQIX,ICF.US,2016-01-04,2016-02-01,approved,user_reviewed_us_reit_industry_proxy
ISRG,IHI.US,2018-01-10,2018-10-10,approved,user_reviewed_medical_devices_industry_proxy
DISCK,PBS.US,2021-02-05,2021-04-05,approved,user_reviewed_media_industry_proxy
IBM,XSW.US,2025-06-05,2025-07-21,approved,user_reviewed_software_services_industry_proxy
MRK,IHE.US,2023-01-05,2023-05-05,approved,user_reviewed_pharmaceuticals_industry_proxy
UAA,,2021-01-15,2021-09-01,excluded,user_reviewed_no_direct_historical_industry_etf
CBOE,IAI.US,2023-01-03,2023-12-15,approved,user_reviewed_investment_services_industry_proxy
MOS,MOO.US,2018-10-10,2018-12-10,approved,user_reviewed_agribusiness_industry_proxy
GRMN,,2019-03-01,2019-12-26,excluded,user_reviewed_no_direct_historical_industry_etf
K,PBJ.US,2022-07-01,2022-10-20,approved,user_reviewed_food_beverage_industry_proxy
DXC,XSW.US,2017-07-17,2017-10-10,approved,user_reviewed_software_services_industry_proxy
FFIV,HACK.US,2025-01-06,2025-10-15,approved,user_reviewed_cybersecurity_industry_proxy
COL,ITA.US,2017-08-07,2017-10-20,approved,user_reviewed_aerospace_defense_industry_proxy
PCG,XLU.US,2023-03-01,2023-08-01,approved,user_reviewed_utilities_industry_proxy
SNPS,IGV.US,2020-01-06,2020-12-28,approved,user_reviewed_software_industry_proxy
WEC,XLU.US,2016-02-10,2016-07-05,approved,user_reviewed_utilities_industry_proxy
NOW,IGV.US,2023-08-28,2023-12-20,approved,user_reviewed_software_industry_proxy
DHI,ITB.US,2018-01-02,2018-01-22,approved,user_reviewed_homebuilders_industry_proxy
CBRE,XLRE.US,2024-10-10,2024-12-26,approved,user_reviewed_real_estate_industry_proxy
CZR,BJK.US,2021-05-26,2021-07-15,approved,user_reviewed_gaming_industry_proxy
NOW,IGV.US,2024-01-10,2024-12-20,approved,user_reviewed_software_industry_proxy
PCAR,CARZ.US,2023-01-26,2023-12-01,approved,user_reviewed_automotive_industry_proxy
PGR,KBWP.US,2022-03-15,2022-12-01,approved,user_reviewed_property_casualty_insurance_industry_proxy
SWKS,SOXX.US,2017-04-20,2017-06-26,approved,user_reviewed_semiconductor_industry_proxy
HUM,IHF.US,2020-02-05,2020-10-01,approved,user_reviewed_healthcare_providers_industry_proxy
IPG,PBS.US,2021-07-26,2021-10-01,approved,user_reviewed_media_industry_proxy
CCL,PEJ.US,2023-09-01,2023-12-11,approved,user_reviewed_leisure_travel_industry_proxy
CRM,IGV.US,2023-05-05,2023-12-20,approved,user_reviewed_software_industry_proxy
IRM,SRVR.US,2024-07-15,2024-12-05,approved,user_reviewed_data_infrastructure_real_estate_proxy
ON,SOXX.US,2026-04-27,2026-06-22,approved,user_reviewed_semiconductor_industry_proxy
RF,IAT.US,2016-11-15,2016-12-27,approved,user_reviewed_regional_banks_industry_proxy
TER,SOXX.US,2025-09-26,2025-12-26,approved,user_reviewed_semiconductor_industry_proxy
VTR,REZ.US,2024-08-12,2024-11-01,approved,user_reviewed_healthcare_residential_reit_proxy
BX,PSP.US,2024-01-02,2024-12-16,approved,user_reviewed_listed_private_equity_industry_proxy
DRI,PEJ.US,2025-04-01,2025-07-21,approved,user_reviewed_leisure_restaurants_industry_proxy
MHK,XHB.US,2021-01-11,2021-05-20,approved,user_reviewed_homebuilding_products_industry_proxy
UAA,,2018-04-05,2018-11-15,excluded,user_reviewed_no_direct_historical_industry_etf
ZION,IAT.US,2016-11-15,2016-12-27,approved,user_reviewed_regional_banks_industry_proxy
KR,PBJ.US,2022-03-07,2022-05-02,approved,user_reviewed_food_beverage_industry_proxy
PYPL,IPAY.US,2021-01-04,2021-03-05,approved,user_reviewed_payments_industry_proxy
DHR,IHI.US,2019-02-26,2019-07-26,approved,user_reviewed_medical_devices_industry_proxy
HUM,IHF.US,2022-07-01,2022-12-12,approved,user_reviewed_healthcare_providers_industry_proxy
ALL,KBWP.US,2024-01-05,2024-09-10,approved,user_reviewed_property_casualty_insurance_industry_proxy
CPB,PBJ.US,2022-07-15,2022-12-27,approved,user_reviewed_food_beverage_industry_proxy
DELL,MADE.US,2026-05-26,2026-06-26,approved,user_reviewed_us_manufacturing_industry_proxy
TEL,MADE.US,2025-08-11,2025-12-05,approved,user_reviewed_us_manufacturing_industry_proxy
IDXX,PAWZ.US,2025-08-05,2025-12-15,approved,user_reviewed_pet_care_industry_proxy
SYY,PBJ.US,2016-02-05,2016-08-10,approved,user_reviewed_food_beverage_industry_proxy
WST,IHI.US,2023-04-03,2023-10-26,approved,user_reviewed_medical_devices_industry_proxy
URI,PAVE.US,2023-03-06,2023-12-26,approved,user_reviewed_infrastructure_industry_proxy
XRAY,IHI.US,2019-03-11,2019-08-01,approved,user_reviewed_medical_devices_industry_proxy
CMS,XLU.US,2016-02-05,2016-07-05,approved,user_reviewed_utilities_industry_proxy
IRM,SRVR.US,2021-04-26,2021-12-20,approved,user_reviewed_data_infrastructure_real_estate_proxy
DHR,IHI.US,2017-02-27,2017-06-05,approved,user_reviewed_medical_devices_industry_proxy
GM,CARZ.US,2021-01-15,2021-04-15,approved,user_reviewed_automotive_industry_proxy
IDXX,IHI.US,2018-05-07,2018-08-20,approved,user_reviewed_medical_devices_industry_proxy
MS,IAI.US,2016-11-01,2016-12-20,approved,user_reviewed_investment_services_industry_proxy
NAVI,,2016-07-01,2016-12-20,excluded,user_reviewed_no_direct_historical_industry_etf
FTNT,CIBR.US,2024-11-11,2024-12-26,approved,user_reviewed_cybersecurity_industry_proxy
DFS,IPAY.US,2024-04-22,2024-12-16,approved,user_reviewed_payments_industry_proxy
DHR,IHI.US,2020-08-05,2020-11-20,approved,user_reviewed_medical_devices_industry_proxy
ED,XLU.US,2022-03-07,2022-09-26,approved,user_reviewed_utilities_industry_proxy
APD,IYM.US,2019-05-10,2019-08-20,approved,user_reviewed_basic_materials_industry_proxy
AVY,IYM.US,2016-02-26,2016-06-27,approved,user_reviewed_basic_materials_industry_proxy
GPC,FTXR.US,2022-08-01,2022-12-27,approved,user_reviewed_transportation_industry_proxy
WAT,IHI.US,2021-08-10,2021-09-20,approved,user_reviewed_medical_devices_industry_proxy
CAH,IHF.US,2023-02-15,2023-11-15,approved,user_reviewed_healthcare_providers_industry_proxy
CAT,PAVE.US,2017-09-20,2017-12-20,approved,user_reviewed_infrastructure_industry_proxy
TSCO,RTH.US,2019-01-22,2019-07-22,approved,user_reviewed_large_retail_industry_proxy
UHS,IHF.US,2024-08-05,2024-10-21,approved,user_reviewed_healthcare_providers_industry_proxy
WMB,ENFR.US,2016-06-15,2016-12-27,approved,user_reviewed_energy_infrastructure_industry_proxy
COIN,BITQ.US,2025-08-11,2025-11-05,approved,user_reviewed_crypto_industry_equity_proxy
GOOG,FDN.US,2016-01-04,2016-04-20,approved,user_reviewed_internet_industry_proxy
KMB,RHS.US,2016-01-04,2016-03-28,approved,user_reviewed_consumer_staples_industry_proxy
RL,,2024-02-12,2024-04-01,excluded,user_reviewed_no_direct_historical_industry_etf
CRM,IGV.US,2018-03-15,2018-10-01,approved,user_reviewed_software_industry_proxy
IRM,ICF.US,2016-05-16,2016-08-26,approved,user_reviewed_us_reit_industry_proxy
UAL,JETS.US,2017-01-03,2017-07-03,approved,user_reviewed_airlines_industry_proxy
MAA,REZ.US,2021-07-15,2021-12-27,approved,user_reviewed_residential_multisector_reit_proxy
WFM,PBJ.US,2017-07-10,2017-08-21,approved,user_reviewed_food_beverage_industry_proxy
BSX,IHI.US,2016-07-01,2016-09-26,approved,user_reviewed_medical_devices_industry_proxy
FDX,IYT.US,2020-08-17,2020-12-28,approved,user_reviewed_transportation_industry_proxy
GRMN,UFO.US,2024-05-06,2024-11-01,approved,user_reviewed_space_industry_proxy
MOS,MOO.US,2021-01-05,2021-04-20,approved,user_reviewed_agribusiness_industry_proxy
TYL,XSW.US,2024-08-05,2024-09-20,approved,user_reviewed_software_services_industry_proxy
EXC,XLU.US,2022-02-07,2022-04-11,approved,user_reviewed_utilities_industry_proxy
MMM,XLI.US,2024-07-22,2024-10-15,approved,user_reviewed_industrials_proxy
SLB,OIH.US,2022-01-18,2022-12-20,approved,user_reviewed_oil_services_industry_proxy
CTLT,XPH.US,2021-01-04,2021-02-22,approved,user_reviewed_pharmaceuticals_industry_proxy
DFS,IPAY.US,2025-01-27,2025-03-03,approved,user_reviewed_payments_industry_proxy
DLR,SRVR.US,2023-09-01,2023-12-05,approved,user_reviewed_data_infrastructure_real_estate_proxy
GOOG,FDN.US,2023-08-01,2023-10-20,approved,user_reviewed_internet_industry_proxy
PFE,IHE.US,2021-12-01,2021-12-27,approved,user_reviewed_pharmaceuticals_industry_proxy
FBHS,XHB.US,2020-01-10,2020-10-26,approved,user_reviewed_homebuilding_products_industry_proxy
FDX,IYT.US,2023-03-27,2023-10-05,approved,user_reviewed_transportation_industry_proxy
JWN,XRT.US,2018-04-10,2018-11-15,approved,user_reviewed_retail_industry_proxy
ON,SOXX.US,2022-09-06,2022-12-05,approved,user_reviewed_semiconductor_industry_proxy
TSCO,RTH.US,2020-06-05,2020-10-20,approved,user_reviewed_large_retail_industry_proxy
UAL,JETS.US,2018-09-17,2018-12-10,approved,user_reviewed_airlines_industry_proxy
IR,XHB.US,2019-05-01,2019-07-26,approved,user_reviewed_homebuilding_products_industry_proxy
PVH,,2021-01-04,2021-08-16,excluded,user_reviewed_no_direct_historical_industry_etf
WFC,KBWB.US,2021-04-15,2021-11-15,approved,user_reviewed_us_banks_industry_proxy
BSX,IHI.US,2019-01-28,2019-03-15,approved,user_reviewed_medical_devices_industry_proxy
COST,RTH.US,2021-11-05,2021-12-27,approved,user_reviewed_large_retail_industry_proxy
HES,IEO.US,2021-04-12,2021-07-15,approved,user_reviewed_oil_gas_exploration_industry_proxy
HII,ITA.US,2025-07-15,2025-12-26,approved,user_reviewed_aerospace_defense_industry_proxy
PXD,IEO.US,2016-06-20,2016-11-01,approved,user_reviewed_oil_gas_exploration_industry_proxy
QCOM,SOXX.US,2016-08-22,2016-12-15,approved,user_reviewed_semiconductor_industry_proxy
SATS,UFO.US,2026-05-26,2026-06-22,approved,user_reviewed_space_industry_proxy
TMO,IHI.US,2020-10-12,2020-11-20,approved,user_reviewed_medical_devices_industry_proxy
TWTR,SOCL.US,2021-01-04,2021-07-26,approved,user_reviewed_social_media_industry_proxy
KSU,IYT.US,2020-01-02,2020-02-26,approved,user_reviewed_transportation_industry_proxy
APA,XOP.US,2016-06-10,2016-12-27,approved,user_reviewed_oil_gas_exploration_industry_proxy
BIO,IHI.US,2020-09-15,2020-11-20,approved,user_reviewed_medical_devices_industry_proxy
FTNT,CIBR.US,2022-01-03,2022-04-05,approved,user_reviewed_cybersecurity_industry_proxy
HII,ITA.US,2022-07-01,2022-11-01,approved,user_reviewed_aerospace_defense_industry_proxy
SWKS,SOXX.US,2019-11-05,2019-12-26,approved,user_reviewed_semiconductor_industry_proxy
CCI,SRVR.US,2020-04-01,2020-06-15,approved,user_reviewed_data_infrastructure_real_estate_proxy
QCOM,SOXX.US,2021-01-04,2021-12-15,approved,user_reviewed_semiconductor_industry_proxy
AKAM,HACK.US,2023-08-15,2023-12-26,approved,user_reviewed_cybersecurity_industry_proxy
ALB,LIT.US,2017-01-03,2017-11-15,approved,user_reviewed_lithium_battery_industry_proxy
CTVA,MOO.US,2022-03-28,2022-12-12,approved,user_reviewed_agribusiness_industry_proxy
EXR,REZ.US,2016-03-28,2016-06-01,approved,user_reviewed_residential_multisector_reit_proxy
GILD,IBB.US,2023-02-15,2023-04-26,approved,user_reviewed_biotechnology_industry_proxy
HSY,PBJ.US,2022-02-22,2022-11-07,approved,user_reviewed_food_beverage_industry_proxy
GOOGL,FDN.US,2023-08-01,2023-10-20,approved,user_reviewed_internet_industry_proxy
IR,XHB.US,2018-01-02,2018-02-26,approved,user_reviewed_homebuilding_products_industry_proxy
K,PBJ.US,2024-08-12,2024-12-26,approved,user_reviewed_food_beverage_industry_proxy
RL,,2025-01-10,2025-10-27,excluded,user_reviewed_no_direct_historical_industry_etf
RMD,IHI.US,2021-08-10,2021-10-05,approved,user_reviewed_medical_devices_industry_proxy
UA,,2021-02-01,2021-09-01,excluded,user_reviewed_no_direct_historical_industry_etf
ANDV,CRAK.US,2018-05-01,2018-09-26,approved,user_reviewed_oil_refiners_industry_proxy
ANSS,IGV.US,2020-01-02,2020-02-26,approved,user_reviewed_software_industry_proxy
BIIB,IBB.US,2023-02-10,2023-05-15,approved,user_reviewed_biotechnology_industry_proxy
DISCA,PBS.US,2018-04-10,2018-10-10,approved,user_reviewed_media_industry_proxy
EBAY,IBUY.US,2020-06-05,2020-09-10,approved,user_reviewed_online_retail_industry_proxy
HAL,OIH.US,2023-01-05,2023-11-06,approved,user_reviewed_oil_services_industry_proxy
MAR,PEJ.US,2017-03-27,2017-12-26,approved,user_reviewed_leisure_travel_industry_proxy
NFX,XOP.US,2016-06-20,2016-09-06,approved,user_reviewed_oil_gas_exploration_industry_proxy
NOC,ITA.US,2019-08-15,2019-10-15,approved,user_reviewed_aerospace_defense_industry_proxy
RRC,XOP.US,2016-05-02,2016-07-26,approved,user_reviewed_oil_gas_exploration_industry_proxy
VRSN,HACK.US,2016-01-04,2016-03-28,approved,user_reviewed_cybersecurity_industry_proxy
CRM,IGV.US,2020-09-01,2020-11-20,approved,user_reviewed_software_industry_proxy
DG,RTH.US,2025-05-27,2025-08-26,approved,user_reviewed_large_retail_industry_proxy
GS,IAI.US,2017-01-10,2017-03-20,approved,user_reviewed_investment_services_industry_proxy
WELL,REZ.US,2024-08-12,2024-11-05,approved,user_reviewed_healthcare_residential_reit_proxy
BAC,KBWB.US,2016-11-15,2016-12-27,approved,user_reviewed_us_banks_industry_proxy
CHK,XOP.US,2017-01-03,2017-02-10,approved,user_reviewed_oil_gas_exploration_industry_proxy
CME,IAI.US,2019-01-02,2019-09-10,approved,user_reviewed_investment_services_industry_proxy
CNC,IHF.US,2017-06-15,2017-12-26,approved,user_reviewed_healthcare_providers_industry_proxy
DVA,IHF.US,2024-03-15,2024-11-05,approved,user_reviewed_healthcare_providers_industry_proxy
LEG,XHB.US,2019-11-01,2019-12-26,approved,user_reviewed_homebuilding_products_industry_proxy
WELL,REZ.US,2025-03-05,2025-07-10,approved,user_reviewed_healthcare_residential_reit_proxy
XL,KBWP.US,2018-05-10,2018-08-06,approved,user_reviewed_property_casualty_insurance_industry_proxy
GLW,,2024-07-15,2024-11-05,excluded,user_reviewed_no_direct_historical_industry_etf
LNC,KIE.US,2016-11-10,2016-12-27,approved,user_reviewed_insurance_industry_proxy
MAT,PEJ.US,2016-01-20,2016-10-26,approved,user_reviewed_leisure_entertainment_industry_proxy
TROW,KCE.US,2017-09-26,2017-12-26,approved,user_reviewed_capital_markets_industry_proxy
BKR,OIH.US,2022-01-26,2022-06-06,approved,user_reviewed_oil_services_industry_proxy
CNP,XLU.US,2025-04-07,2025-05-05,approved,user_reviewed_utilities_industry_proxy
CPRT,IYT.US,2018-09-04,2018-09-17,approved,user_reviewed_transportation_industry_proxy
GOOGL,FDN.US,2025-09-02,2025-12-26,approved,user_reviewed_internet_industry_proxy
GRMN,,2016-06-10,2016-10-20,excluded,user_reviewed_no_direct_historical_industry_etf
MOS,MOO.US,2025-05-12,2025-08-05,approved,user_reviewed_agribusiness_industry_proxy
O,ICF.US,2018-11-01,2018-12-26,approved,user_reviewed_us_reit_industry_proxy
ORCL,IGV.US,2025-08-15,2025-10-27,approved,user_reviewed_software_industry_proxy
CFG,IAT.US,2016-11-15,2016-12-27,approved,user_reviewed_regional_banks_industry_proxy
MMM,XLI.US,2025-02-03,2025-04-15,approved,user_reviewed_industrials_proxy
PSA,REZ.US,2022-02-07,2022-04-01,approved,user_reviewed_residential_multisector_reit_proxy
SLB,OIH.US,2023-02-21,2023-10-20,approved,user_reviewed_oil_services_industry_proxy
TER,SOXX.US,2021-01-15,2021-02-22,approved,user_reviewed_semiconductor_industry_proxy
WRK,WOOD.US,2024-01-10,2024-06-05,approved,user_reviewed_forest_products_industry_proxy
CME,IAI.US,2025-04-07,2025-07-21,approved,user_reviewed_investment_services_industry_proxy
FLT,IPAY.US,2019-05-01,2019-12-16,approved,user_reviewed_payments_industry_proxy
FTNT,CIBR.US,2023-05-22,2023-08-01,approved,user_reviewed_cybersecurity_industry_proxy
M,XRT.US,2018-03-05,2018-08-27,approved,user_reviewed_retail_industry_proxy
MSFT,IGV.US,2023-06-12,2023-11-06,approved,user_reviewed_software_industry_proxy
RMD,IHI.US,2019-01-10,2019-12-26,approved,user_reviewed_medical_devices_industry_proxy
TMUS,IYZ.US,2022-06-21,2022-10-20,approved,user_reviewed_telecom_services_industry_proxy
URI,PKB.US,2016-07-26,2016-12-27,approved,user_reviewed_building_construction_industry_proxy
ADBE,IGV.US,2024-01-02,2024-02-05,approved,user_reviewed_software_industry_proxy
CNC,IHF.US,2022-02-10,2022-08-05,approved,user_reviewed_healthcare_providers_industry_proxy
EXR,REZ.US,2022-01-03,2022-02-10,approved,user_reviewed_residential_multisector_reit_proxy
FE,XLU.US,2019-01-02,2019-01-28,approved,user_reviewed_utilities_industry_proxy
PGR,KBWP.US,2023-01-05,2023-12-15,approved,user_reviewed_property_casualty_insurance_industry_proxy
TMUS,IYZ.US,2025-02-26,2025-04-15,approved,user_reviewed_telecom_services_industry_proxy
WFC,KBWB.US,2022-01-18,2022-02-22,approved,user_reviewed_us_banks_industry_proxy
IP,WOOD.US,2024-08-05,2024-11-11,approved,user_reviewed_forest_products_industry_proxy
TER,SOXX.US,2020-11-27,2020-12-15,approved,user_reviewed_semiconductor_industry_proxy
TXN,SOXX.US,2016-07-20,2016-11-01,approved,user_reviewed_semiconductor_industry_proxy
AAL,JETS.US,2021-03-22,2021-06-10,approved,user_reviewed_airlines_industry_proxy
TFX,IHI.US,2019-06-20,2019-08-20,approved,user_reviewed_medical_devices_industry_proxy
UPS,IYT.US,2020-08-03,2020-12-28,approved,user_reviewed_transportation_industry_proxy
AIZ,IAK.US,2023-10-26,2023-12-20,approved,user_reviewed_insurance_industry_proxy
ALB,LIT.US,2025-10-27,2025-12-26,approved,user_reviewed_lithium_battery_industry_proxy
APA,XOP.US,2023-01-05,2023-11-01,approved,user_reviewed_oil_gas_exploration_industry_proxy
CMA,IAT.US,2022-01-10,2022-03-15,approved,user_reviewed_regional_banks_industry_proxy
CTLT,XPH.US,2020-11-27,2020-12-28,approved,user_reviewed_pharmaceuticals_industry_proxy
EIX,XLU.US,2016-05-02,2016-07-11,approved,user_reviewed_utilities_industry_proxy
ETR,XLU.US,2019-03-01,2019-11-01,approved,user_reviewed_utilities_industry_proxy
PGR,KBWP.US,2019-05-20,2019-07-15,approved,user_reviewed_property_casualty_insurance_industry_proxy
SHW,IYM.US,2019-10-10,2019-12-16,approved,user_reviewed_basic_materials_industry_proxy
VRSN,HACK.US,2018-07-02,2018-11-05,approved,user_reviewed_cybersecurity_industry_proxy
ABBV,IHE.US,2018-01-02,2018-01-26,approved,user_reviewed_pharmaceuticals_industry_proxy
ANSS,IGV.US,2019-11-26,2019-12-20,approved,user_reviewed_software_industry_proxy
CHRW,IYT.US,2024-08-05,2024-10-28,approved,user_reviewed_transportation_industry_proxy
CMI,CARZ.US,2016-05-20,2016-12-27,approved,user_reviewed_automotive_industry_proxy
MSFT,IGV.US,2016-01-04,2016-04-20,approved,user_reviewed_software_industry_proxy
MSI,XTL.US,2019-05-28,2019-09-05,approved,user_reviewed_communications_equipment_industry_proxy
RHI,,2022-01-18,2022-03-21,excluded,user_reviewed_no_direct_historical_industry_etf
URBN,XRT.US,2016-05-05,2016-11-21,approved,user_reviewed_retail_industry_proxy
ABBV,IHE.US,2022-03-10,2022-12-15,approved,user_reviewed_pharmaceuticals_industry_proxy
AXON,XAR.US,2024-12-20,2024-12-26,approved,user_reviewed_aerospace_defense_industry_proxy
CHTR,IYZ.US,2017-01-03,2017-08-01,approved,user_reviewed_telecom_services_industry_proxy
GDDY,FDN.US,2025-01-02,2025-02-10,approved,user_reviewed_internet_industry_proxy
ISRG,IHI.US,2023-04-20,2023-08-10,approved,user_reviewed_medical_devices_industry_proxy
TAP,PBJ.US,2022-06-27,2022-08-01,approved,user_reviewed_food_beverage_industry_proxy
TKO,PEJ.US,2025-06-20,2025-10-20,approved,user_reviewed_leisure_entertainment_industry_proxy
BWA,CARZ.US,2023-02-15,2023-04-20,approved,user_reviewed_automotive_industry_proxy
CHK,XOP.US,2016-07-11,2016-12-27,approved,user_reviewed_oil_gas_exploration_industry_proxy
JKHY,IPAY.US,2020-03-20,2020-07-06,approved,user_reviewed_payments_industry_proxy
KR,PBJ.US,2025-04-07,2025-07-10,approved,user_reviewed_food_beverage_industry_proxy
UAL,JETS.US,2016-11-07,2016-12-27,approved,user_reviewed_airlines_industry_proxy
AMP,KCE.US,2017-04-03,2017-12-05,approved,user_reviewed_capital_markets_industry_proxy
CBOE,IAI.US,2018-01-02,2018-02-05,approved,user_reviewed_investment_services_industry_proxy
CHTR,IYZ.US,2020-01-06,2020-03-02,approved,user_reviewed_telecom_services_industry_proxy
BBY,XRT.US,2020-02-03,2020-11-20,approved,user_reviewed_retail_industry_proxy
BMY,IHE.US,2020-01-02,2020-03-02,approved,user_reviewed_pharmaceuticals_industry_proxy
BX,PSP.US,2023-12-05,2023-12-26,approved,user_reviewed_listed_private_equity_industry_proxy
CLX,RHS.US,2018-10-22,2018-12-20,approved,user_reviewed_consumer_staples_industry_proxy
CNP,XLU.US,2016-04-26,2016-11-07,approved,user_reviewed_utilities_industry_proxy
CPB,PBJ.US,2020-02-26,2020-04-06,approved,user_reviewed_food_beverage_industry_proxy
FTNT,CIBR.US,2019-02-11,2019-12-26,approved,user_reviewed_cybersecurity_industry_proxy
GE,PPA.US,2021-01-20,2021-04-26,approved,user_reviewed_aerospace_defense_industry_proxy
HAL,OIH.US,2021-03-05,2021-04-01,approved,user_reviewed_oil_services_industry_proxy
T,IYZ.US,2016-02-26,2016-07-05,approved,user_reviewed_telecom_services_industry_proxy
TWTR,SOCL.US,2019-08-12,2019-09-26,approved,user_reviewed_social_media_industry_proxy
CPRT,IYT.US,2019-05-28,2019-07-15,approved,user_reviewed_transportation_industry_proxy
CPRT,IYT.US,2020-02-10,2020-11-10,approved,user_reviewed_transportation_industry_proxy
CTL,IYZ.US,2018-04-26,2018-11-05,approved,user_reviewed_telecom_services_industry_proxy
DAL,JETS.US,2025-01-02,2025-02-10,approved,user_reviewed_airlines_industry_proxy
DG,RTH.US,2016-04-05,2016-08-15,approved,user_reviewed_large_retail_industry_proxy
GL,IAK.US,2025-04-15,2025-05-01,approved,user_reviewed_insurance_industry_proxy
HES,IEO.US,2023-02-01,2023-10-26,approved,user_reviewed_oil_gas_exploration_industry_proxy
JEF,IAI.US,2017-01-03,2017-04-10,approved,user_reviewed_investment_services_industry_proxy
PSKY,GGME.US,2025-10-10,2025-11-03,approved,user_reviewed_media_gaming_industry_proxy
PSX,CRAK.US,2023-01-05,2023-12-26,approved,user_reviewed_oil_refiners_industry_proxy
TRIP,PEJ.US,2018-04-20,2018-06-20,approved,user_reviewed_leisure_travel_industry_proxy
CBRE,XLRE.US,2021-08-02,2021-08-20,approved,user_reviewed_real_estate_industry_proxy
EQT,IEO.US,2023-08-10,2023-11-06,approved,user_reviewed_oil_gas_exploration_industry_proxy
INTU,IGV.US,2023-09-05,2023-12-26,approved,user_reviewed_software_industry_proxy
KDP,,2018-03-15,2018-06-26,excluded,user_reviewed_invalid_pre_formation_ticker
LYV,PEJ.US,2022-01-03,2022-03-10,approved,user_reviewed_leisure_entertainment_industry_proxy
PFG,KIE.US,2022-09-12,2022-12-27,approved,user_reviewed_insurance_industry_proxy
PLD,ICF.US,2016-06-20,2016-09-26,approved,user_reviewed_us_reit_industry_proxy
T,IYZ.US,2019-09-26,2019-11-11,approved,user_reviewed_telecom_services_industry_proxy
TAP,PBJ.US,2016-01-04,2016-09-06,approved,user_reviewed_food_beverage_industry_proxy
UNH,IHF.US,2022-03-01,2022-10-05,approved,user_reviewed_healthcare_providers_industry_proxy
WELL,REZ.US,2018-10-26,2018-12-26,approved,user_reviewed_healthcare_residential_reit_proxy
BSX,IHI.US,2018-09-26,2018-12-06,approved,user_reviewed_medical_devices_industry_proxy
CME,IAI.US,2018-10-22,2018-12-26,approved,user_reviewed_investment_services_industry_proxy
CVS,IHF.US,2022-02-01,2022-03-15,approved,user_reviewed_healthcare_providers_industry_proxy
DHI,ITB.US,2020-01-27,2020-12-01,approved,user_reviewed_homebuilders_industry_proxy
EXPE,PEJ.US,2021-01-11,2021-04-26,approved,user_reviewed_leisure_travel_industry_proxy
KDP,,2016-01-04,2016-03-01,excluded,user_reviewed_invalid_pre_formation_ticker
MAR,PEJ.US,2018-01-16,2018-03-01,approved,user_reviewed_leisure_travel_industry_proxy
PAYC,IGV.US,2025-03-26,2025-07-15,approved,user_reviewed_software_industry_proxy
PSX,CRAK.US,2024-01-02,2024-05-01,approved,user_reviewed_oil_refiners_industry_proxy
VTR,REZ.US,2016-04-15,2016-09-06,approved,user_reviewed_healthcare_residential_reit_proxy
CI,IHF.US,2023-01-03,2023-01-20,approved,user_reviewed_healthcare_providers_industry_proxy
ED,XLU.US,2016-02-26,2016-06-27,approved,user_reviewed_utilities_industry_proxy
EL,RHS.US,2019-05-28,2019-09-10,approved,user_reviewed_consumer_staples_industry_proxy
GOOGL,FDN.US,2026-01-02,2026-02-05,approved,user_reviewed_internet_industry_proxy
KMI,MLPX.US,2025-01-02,2025-04-01,approved,user_reviewed_midstream_energy_infrastructure_proxy
PM,VICE.US,2024-08-05,2024-11-01,approved,user_reviewed_vice_industry_proxy
SPG,ICF.US,2022-01-03,2022-02-01,approved,user_reviewed_us_reit_industry_proxy
TROW,KCE.US,2018-01-02,2018-06-01,approved,user_reviewed_capital_markets_industry_proxy
APH,MADE.US,2026-01-02,2026-02-20,approved,user_reviewed_us_manufacturing_industry_proxy
LHX,ITA.US,2019-08-12,2019-10-10,approved,user_reviewed_aerospace_defense_industry_proxy
MSI,XTL.US,2018-06-26,2018-12-17,approved,user_reviewed_communications_equipment_industry_proxy
PAYC,IGV.US,2020-10-12,2020-11-20,approved,user_reviewed_software_industry_proxy
SO,XLU.US,2022-08-01,2022-09-26,approved,user_reviewed_utilities_industry_proxy
SPGI,IAI.US,2016-09-01,2016-11-07,approved,user_reviewed_investment_services_industry_proxy
WRK,WOOD.US,2016-09-01,2016-12-27,approved,user_reviewed_forest_products_industry_proxy
ZTS,PAWZ.US,2019-07-01,2019-10-21,approved,user_reviewed_pet_care_industry_proxy
ARG,IYM.US,2016-05-02,2016-05-20,approved,user_reviewed_basic_materials_industry_proxy
FAST,PAVE.US,2019-04-15,2019-05-10,approved,user_reviewed_infrastructure_industry_proxy
GOOG,FDN.US,2025-11-20,2025-12-26,approved,user_reviewed_internet_industry_proxy
HP,OIH.US,2018-01-10,2018-04-26,approved,user_reviewed_oil_services_industry_proxy
NCLH,PEJ.US,2024-10-10,2024-12-26,approved,user_reviewed_leisure_travel_industry_proxy
NOC,ITA.US,2016-01-11,2016-06-01,approved,user_reviewed_aerospace_defense_industry_proxy
PNW,XLU.US,2016-04-01,2016-07-05,approved,user_reviewed_utilities_industry_proxy
ROST,RTH.US,2018-01-02,2018-11-05,approved,user_reviewed_large_retail_industry_proxy
STJ,IHI.US,2016-08-01,2016-10-10,approved,user_reviewed_medical_devices_industry_proxy
UAL,JETS.US,2024-10-15,2024-12-16,approved,user_reviewed_airlines_industry_proxy
APA,XOP.US,2026-03-16,2026-05-20,approved,user_reviewed_oil_gas_exploration_industry_proxy
DE,MOO.US,2017-01-03,2017-08-10,approved,user_reviewed_agribusiness_industry_proxy
IDXX,PAWZ.US,2021-01-04,2021-02-16,approved,user_reviewed_pet_care_industry_proxy
KMX,XRT.US,2019-07-01,2019-11-20,approved,user_reviewed_retail_industry_proxy
MTD,IHI.US,2019-02-26,2019-07-22,approved,user_reviewed_medical_devices_industry_proxy
MUR,XOP.US,2016-06-10,2016-08-22,approved,user_reviewed_oil_gas_exploration_industry_proxy
OMC,PBS.US,2023-02-06,2023-06-12,approved,user_reviewed_media_industry_proxy
AGN,IHE.US,2019-10-28,2019-12-20,approved,user_reviewed_pharmaceuticals_industry_proxy
FAST,PAVE.US,2025-07-10,2025-08-26,approved,user_reviewed_infrastructure_industry_proxy
GPC,FTXR.US,2023-01-03,2023-02-21,approved,user_reviewed_transportation_industry_proxy
HAL,OIH.US,2017-01-03,2017-02-01,approved,user_reviewed_oil_services_industry_proxy
NEE,XLU.US,2024-08-01,2024-09-26,approved,user_reviewed_utilities_industry_proxy
ORLY,RTH.US,2022-02-15,2022-12-27,approved,user_reviewed_large_retail_industry_proxy
TSS,IPAY.US,2018-02-01,2018-04-05,approved,user_reviewed_payments_industry_proxy
TT,XHB.US,2023-02-06,2023-12-15,approved,user_reviewed_homebuilding_products_industry_proxy
UAL,JETS.US,2023-01-26,2023-07-10,approved,user_reviewed_airlines_industry_proxy
WAT,IHI.US,2019-02-05,2019-04-15,approved,user_reviewed_medical_devices_industry_proxy
WMT,RTH.US,2025-02-10,2025-05-05,approved,user_reviewed_large_retail_industry_proxy
BF.B,PBJ.US,2018-01-02,2018-04-10,approved,user_reviewed_food_beverage_industry_proxy
BKR,OIH.US,2023-09-15,2023-10-20,approved,user_reviewed_oil_services_industry_proxy
BR,FINX.US,2018-08-20,2018-10-15,approved,user_reviewed_fintech_industry_proxy
C,KBWB.US,2025-02-18,2025-11-05,approved,user_reviewed_us_banks_industry_proxy
DE,MOO.US,2018-01-22,2018-03-12,approved,user_reviewed_agribusiness_industry_proxy
EXPE,PEJ.US,2025-01-02,2025-12-15,approved,user_reviewed_leisure_travel_industry_proxy
IR,XHB.US,2017-11-01,2017-12-26,approved,user_reviewed_homebuilding_products_industry_proxy
KEY,IAT.US,2016-11-15,2016-12-27,approved,user_reviewed_regional_banks_industry_proxy
LEN,ITB.US,2020-01-21,2020-10-20,approved,user
MLM,PKB.US,2016-05-26,2016-12-27,approved,user
MNST,PBJ.US,2023-03-10,2023-05-15,approved,user
NCLH,PEJ.US,2023-07-03,2023-08-28,approved,user
NEE,XLU.US,2020-03-10,2020-09-28,approved,user
QRVO,SOXX.US,2017-04-17,2017-06-12,approved,user
ROST,RTH.US,2022-11-21,2022-12-27,approved,user
RTX,ITA.US,2025-06-10,2025-11-10,approved,user
AIZ,IAK.US,2019-09-10,2019-11-26,approved,user
BMY,IHE.US,2022-05-02,2022-07-11,approved,user
CAT,PAVE.US,2026-01-05,2026-02-26,approved,user
CHTR,IYZ.US,2019-05-20,2019-07-26,approved,user
CMA,IAT.US,2018-02-05,2018-04-16,approved,user
CNC,IHF.US,2020-02-18,2020-05-05,approved,user
CTAS,XLI.US,2019-07-26,2019-11-05,approved,user
MTB,IAT.US,2024-07-26,2024-12-10,approved,user
NWL,XLY.US,2019-09-26,2019-12-26,approved,user
PFE,IHE.US,2018-10-10,2018-12-17,approved,user
WELL,REZ.US,2023-10-26,2023-11-06,approved,user
ALB,LIT.US,2022-09-20,2022-12-05,approved,user
BF.B,PBJ.US,2017-12-11,2017-12-26,approved,user
JBL,XTH.US,2024-01-02,2024-02-05,approved,user
ORCL,IGV.US,2021-07-15,2021-08-20,approved,user
BIIB,IBB.US,2020-02-10,2020-03-05,approved,user
COST,RTH.US,2024-01-05,2024-06-05,approved,user
CVX,XLE.US,2023-01-05,2023-01-26,approved,user
K,PBJ.US,2025-01-02,2025-04-21,approved,user
LDOS,PPA.US,2024-05-01,2024-08-05,approved,user
LUV,JETS.US,2017-02-21,2017-05-10,approved,user
MAA,REZ.US,2022-01-10,2022-03-07,approved,user
MPWR,SOXX.US,2025-08-20,2025-11-10,approved,user
MSFT,IGV.US,2024-01-16,2024-02-05,approved,user
NEE,XLU.US,2016-03-10,2016-06-15,approved,user
PYPL,IPAY.US,2017-06-12,2017-07-10,approved,user
ROL,,2022-08-01,2022-11-21,excluded,user
WHR,XHB.US,2020-08-20,2020-12-01,approved,user
BAX,IHI.US,2016-02-26,2016-10-26,approved,user
BR,FINX.US,2023-08-21,2023-11-01,approved,user
CBOE,IAI.US,2024-01-02,2024-02-01,approved,user
COG,XOP.US,2016-05-05,2016-07-11,approved,user
FLR,PAVE.US,2018-01-22,2018-04-05,approved,user
FOX,PBS.US,2024-08-05,2024-12-26,approved,user
NLSN,,2022-06-27,2022-09-12,excluded,user
PH,PAVE.US,2023-02-10,2023-12-05,approved,user
POOL,XHB.US,2021-01-11,2021-11-15,approved,user
SEE,XLB.US,2022-02-22,2022-03-15,approved,user
SWN,XOP.US,2016-05-02,2016-10-10,approved,user
TIF,XRT.US,2018-05-29,2018-08-20,approved,user
VICI,NETL.US,2022-08-10,2022-10-05,approved,user
ADBE,IGV.US,2017-05-05,2017-11-20,approved,user
CAT,PAVE.US,2023-01-26,2023-10-10,approved,user
COST,RTH.US,2020-03-16,2020-11-02,approved,user
HPQ,XTH.US,2021-04-12,2021-05-10,approved,user
JCI,XHB.US,2025-06-20,2025-11-10,approved,user
MOS,MOO.US,2020-09-28,2020-12-21,approved,user
PGR,KBWP.US,2020-09-15,2020-11-02,approved,user
PKI,IHI.US,2021-01-05,2021-10-01,approved,user
PM,XLP.US,2016-02-26,2016-05-20,approved,user
PNW,XLU.US,2019-02-26,2019-04-05,approved,user
PVH,,2017-08-07,2017-09-20,excluded,user
SCHW,IAI.US,2022-01-18,2022-12-27,approved,user
STT,KCE.US,2020-01-02,2020-02-20,approved,user
SYY,PBJ.US,2022-07-01,2022-07-20,approved,user
TJX,RTH.US,2023-01-03,2023-02-21,approved,user
VRSK,FDIQ.US,2023-07-10,2023-10-16,approved,user
WMB,MLPX.US,2025-03-03,2025-07-21,approved,user
ANDV,,2016-01-04,2016-01-05,excluded,user
GLW,,2016-08-10,2016-10-26,excluded,user
INTU,IGV.US,2018-06-20,2018-10-10,approved,user
LOW,XHB.US,2018-01-22,2018-10-10,approved,user
NSC,IYT.US,2019-04-26,2019-06-05,approved,user
PSX,CRAK.US,2019-10-28,2019-11-15,approved,user
TWTR,SOCL.US,2020-09-08,2020-12-28,approved,user
VMC,PKB.US,2016-01-04,2016-08-01,approved,user
ATVI,GAMR.US,2018-01-26,2018-02-12,approved,user
BK,KCE.US,2025-03-10,2025-10-15,approved,user
CCL,PEJ.US,2024-10-10,2024-12-20,approved,user
CHTR,IYZ.US,2023-09-26,2023-11-06,approved,user
COO,IHI.US,2017-06-12,2017-08-07,approved,user
DG,RTH.US,2022-07-01,2022-11-01,approved,user
DLR,SRVR.US,2020-04-13,2020-09-21,approved,user
EOG,IEO.US,2023-01-03,2023-02-01,approved,user
FFIV,HACK.US,2018-05-01,2018-11-01,approved,user
FITB,IAT.US,2021-03-26,2021-05-26,approved,user
HAS,PEJ.US,2017-06-01,2017-07-17,approved,user
HBI,,2020-09-08,2020-11-05,excluded,user
INTU,IGV.US,2024-01-02,2024-01-26,approved,user
IQV,IHF.US,2019-06-20,2019-07-15,approved,user
ITW,XLI.US,2016-06-10,2016-10-03,approved,user
LULU,XRT.US,2024-01-02,2024-01-26,approved,user
LYV,PEJ.US,2025-02-03,2025-03-03,approved,user
MAS,XHB.US,2016-01-04,2016-08-01,approved,user
NCLH,PEJ.US,2025-01-06,2025-02-20,approved,user
PVH,,2020-11-27,2020-12-28,excluded,user
PYPL,IPAY.US,2024-11-26,2024-12-26,approved,user
ROST,RTH.US,2023-01-03,2023-02-15,approved,user
RTN,ITA.US,2016-01-20,2016-02-10,approved,user
AAL,JETS.US,2016-11-01,2016-12-27,approved,user
ADP,XSW.US,2022-08-01,2022-12-15,approved,user
AYI,XHB.US,2016-07-11,2016-09-06,approved,user
CHRW,IYT.US,2022-08-10,2022-09-15,approved,user
CHRW,IYT.US,2026-01-02,2026-02-10,approved,user
EPAM,XSW.US,2022-09-15,2022-10-26,approved,user
GM,CARZ.US,2017-10-05,2017-10-26,approved,user
GPN,IPAY.US,2020-01-21,2020-02-18,approved,user
GRMN,UFO.US,2025-02-20,2025-04-01,approved,user
ILMN,ARKG.US,2017-04-20,2017-12-11,approved,user
IT,XSW.US,2022-01-03,2022-10-10,approved,user
JWN,XRT.US,2016-10-17,2016-12-12,approved,user
LOW,XHB.US,2021-12-06,2021-12-20,approved,user
MSCI,IAI.US,2018-06-26,2018-07-05,approved,user
MTB,IAT.US,2022-07-26,2022-09-15,approved,user
PNR,PHO.US,2023-05-22,2023-12-15,approved,user
WRK,WOOD.US,2023-10-16,2023-11-27,approved,user
WU,IPAY.US,2020-01-02,2020-01-21,approved,user
ALB,LIT.US,2020-02-05,2020-11-16,approved,user
ANTM,IHF.US,2017-04-05,2017-11-06,approved,user
CDW,XTH.US,2019-12-02,2019-12-26,approved,user
CELG,IBB.US,2019-04-05,2019-06-03,approved,user
COR,IHF.US,2025-04-07,2025-07-28,approved,user
CSCO,XTL.US,2018-03-01,2018-05-15,approved,user
CVS,IHF.US,2019-11-15,2019-12-26,approved,user
DFS,IPAY.US,2020-09-21,2020-12-28,approved,user
ETR,XLU.US,2024-11-01,2024-12-26,approved,user
FISV,IPAY.US,2016-02-05,2016-03-01,approved,user
FLT,IPAY.US,2023-08-15,2023-10-02,approved,user
GIS,PBJ.US,2023-01-03,2023-04-20,approved,user
GOOG,FDN.US,2026-01-02,2026-02-02,approved,user
MNST,PBJ.US,2025-06-26,2025-07-28,approved,user
MTD,IHI.US,2020-10-12,2020-12-15,approved,user
SYF,IPAY.US,2021-05-20,2021-08-20,approved,user
SYK,IHI.US,2023-04-05,2023-05-15,approved,user
CME,IAI.US,2023-10-26,2023-11-27,approved,user
COST,RTH.US,2022-01-03,2022-04-01,approved,user
CPRI,,2017-11-01,2017-11-27,excluded,user
CTLT,XPH.US,2024-04-05,2024-05-06,approved,user
EQT,XOP.US,2016-05-16,2016-07-05,approved,user
EXPE,PEJ.US,2024-10-21,2024-12-05,approved,user
GL,IAK.US,2022-10-26,2022-12-27,approved,user
IBM,XSW.US,2024-02-01,2024-10-21,approved,user
IPGP,ROBO.US,2018-05-10,2018-05-29,approved,user
JCI,XHB.US,2017-01-03,2017-01-10,approved,user
LKQ,FTXR.US,2019-12-02,2019-12-26,approved,user
MA,IPAY.US,2018-06-26,2018-10-26,approved,user
MSI,XTL.US,2023-01-17,2023-05-05,approved,user
PPL,XLU.US,2016-02-05,2016-03-10,approved,user
TRGP,MLPX.US,2023-01-05,2023-11-06,approved,user
TTWO,GAMR.US,2019-07-26,2019-10-21,approved,user
YUM,PEJ.US,2019-01-07,2019-08-05,approved,user
AJG,IAK.US,2022-08-05,2022-12-20,approved,user
ALB,LIT.US,2023-01-26,2023-02-06,approved,user
APTV,CARZ.US,2017-05-10,2017-10-05,approved,user
CRM,IGV.US,2024-01-10,2024-03-15,approved,user
DAY,IGV.US,2024-11-01,2024-12-20,approved,user
EA,GAMR.US,2025-06-26,2025-12-15,approved,user
GM,CARZ.US,2024-04-15,2024-11-26,approved,user
HPE,XTH.US,2018-03-12,2018-05-01,approved,user
JNPR,XTL.US,2022-02-01,2022-04-01,approved,user
PAYC,IGV.US,2021-01-05,2021-11-05,approved,user
PAYC,IGV.US,2024-11-01,2024-12-16,approved,user
TWTR,SOCL.US,2018-08-20,2018-11-15,approved,user
VFC,,2018-02-12,2018-02-15,excluded,user
WBA,RTH.US,2018-11-01,2018-12-10,approved,user
AMGN,IBB.US,2022-11-10,2022-11-15,approved,user
AMT,SRVR.US,2020-04-13,2020-06-15,approved,user
APA,XOP.US,2022-09-20,2022-12-20,approved,user
APTV,CARZ.US,2021-01-11,2021-03-05,approved,user
CDW,XTH.US,2020-01-02,2020-01-27,approved,user
CLX,RHS.US,2016-01-20,2016-02-10,approved,user
DE,MOO.US,2025-04-15,2025-06-10,approved,user
DHR,IHI.US,2021-08-10,2021-09-27,approved,user
DVA,IHF.US,2019-11-05,2019-12-26,approved,user
FMC,MOO.US,2022-03-15,2022-12-15,approved,user
HAL,OIH.US,2020-08-10,2020-09-21,approved,user
HAS,PEJ.US,2023-08-15,2023-09-26,approved,user
LDOS,PPA.US,2019-10-10,2019-12-26,approved,user
LOW,XHB.US,2020-08-20,2020-11-05,approved,user
MCD,PEJ.US,2019-01-07,2019-01-28,approved,user
MCHP,SOXX.US,2019-04-05,2019-05-06,approved,user
MCO,IAI.US,2020-01-10,2020-03-05,approved,user
NBL,IEO.US,2018-04-26,2018-07-20,approved,user
QCOM,SOXX.US,2018-09-17,2018-10-05,approved,user
SYF,IPAY.US,2025-01-06,2025-09-15,approved,user
TER,SOXX.US,2024-06-05,2024-07-15,approved,user
TTWO,GAMR.US,2020-07-10,2020-12-28,approved,user
UHS,IHF.US,2023-02-01,2023-02-27,approved,user
ABC,IHF.US,2022-02-28,2022-12-12,approved,user
ALLE,XHB.US,2020-02-03,2020-03-05,approved,user
ANDV,CRAK.US,2017-09-20,2017-10-16,approved,user
CAT,PAVE.US,2024-04-05,2024-04-26,approved,user
DE,MOO.US,2022-11-28,2022-12-27,approved,user
DG,RTH.US,2020-05-15,2020-10-20,approved,user
HPQ,XTH.US,2016-10-03,2016-11-21,approved,user
IBKR,IAI.US,2025-11-03,2025-11-10,approved,user
INCY,XBI.US,2020-04-20,2020-07-20,approved,user
JKHY,IPAY.US,2022-04-05,2022-08-15,approved,user
MAA,REZ.US,2019-10-21,2019-11-05,approved,user
MHK,XHB.US,2024-08-01,2024-10-21,approved,user
PKI,IHI.US,2020-11-02,2020-12-21,approved,user
SJM,PBJ.US,2016-01-20,2016-08-22,approved,user
SO,XLU.US,2019-03-11,2019-07-10,approved,user
ZBRA,ROBO.US,2020-11-20,2020-12-01,approved,user
ABC,IHF.US,2020-03-16,2020-04-01,approved,user
AKAM,HACK.US,2024-01-02,2024-02-05,approved,user
ANSS,IGV.US,2023-03-15,2023-07-20,approved,user
AXON,XAR.US,2023-08-15,2023-12-15,approved,user
BBBY,XRT.US,2016-05-20,2016-06-20,approved,user
BBY,XRT.US,2018-01-22,2018-05-15,approved,user
CAT,PKB.US,2016-10-10,2016-12-01,approved,user
CHTR,IYZ.US,2016-11-10,2016-12-27,approved,user
DVA,IHF.US,2023-05-10,2023-09-26,approved,user
EXC,XLU.US,2016-04-05,2016-05-20,approved,user
FITB,IAT.US,2016-11-15,2016-12-27,approved,user
GIS,PBJ.US,2020-04-27,2020-07-20,approved,user
HAS,PEJ.US,2019-07-26,2019-09-10,approved,user
HOLX,IHI.US,2019-01-22,2019-03-15,approved,user
HP,OIH.US,2016-06-10,2016-12-01,approved,user
JBHT,IYT.US,2026-02-20,2026-04-06,approved,user
JBL,XTH.US,2023-12-20,2023-12-26,approved,user
KEY,IAT.US,2024-01-02,2024-11-26,approved,user
LULU,XRT.US,2023-12-20,2023-12-26,approved,user
MGM,BJK.US,2020-08-17,2020-12-21,approved,user
MO,VICE.US,2025-04-07,2025-08-20,approved,user
NOV,OIH.US,2018-08-01,2018-08-06,approved,user
PFG,KIE.US,2023-01-05,2023-02-06,approved,user
TSS,IPAY.US,2016-01-04,2016-07-15,approved,user
UAA,,2020-11-20,2020-12-28,excluded,user
ADSK,IGV.US,2019-04-26,2019-05-06,approved,user
APP,IGV.US,2026-01-12,2026-01-15,approved,user
BMY,IHE.US,2019-12-10,2019-12-26,approved,user
BXP,ICF.US,2024-10-21,2024-11-05,approved,user
CAT,PAVE.US,2025-11-17,2025-12-26,approved,user
CFG,IAT.US,2024-07-26,2024-09-03,approved,user
CTAS,XLI.US,2016-08-26,2016-09-26,approved,user
HOG,CARZ.US,2016-10-20,2016-12-05,approved,user
IPGP,ROBO.US,2021-01-05,2021-02-10,approved,user
KEY,IAT.US,2023-11-27,2023-12-26,approved,user
LMT,ITA.US,2022-11-15,2022-12-27,approved,user
LNC,KIE.US,2021-03-26,2021-10-01,approved,user
NOW,IGV.US,2021-01-04,2021-11-01,approved,user
PODD,IHI.US,2024-09-16,2024-12-02,approved,user
PSX,CRAK.US,2022-06-21,2022-10-26,approved,user
ULTA,RTH.US,2025-08-15,2025-08-26,approved,user
WBA,RTH.US,2025-03-10,2025-06-10,approved,user
WM,EVX.US,2016-05-20,2016-08-10,approved,user
WMB,MLPX.US,2022-02-01,2022-08-22,approved,user
WRB,KBWP.US,2024-01-26,2024-02-26,approved,user
XYL,PHO.US,2022-10-26,2022-12-27,approved,user
ADSK,IGV.US,2020-03-02,2020-11-27,approved,user
AET,IHF.US,2017-07-03,2017-08-07,approved,user
ALK,JETS.US,2021-04-01,2021-04-20,approved,user
AMGN,IBB.US,2024-01-02,2024-02-05,approved,user
ANSS,IGV.US,2018-02-20,2018-03-12,approved,user
CVS,IHF.US,2025-06-16,2025-07-10,approved,user
DPZ,PEJ.US,2021-07-26,2021-09-01,approved,user
DRI,PEJ.US,2017-04-05,2017-07-10,approved,user
EFX,,2016-01-05,2016-07-26,excluded,user
EIX,XLU.US,2019-10-01,2019-10-10,approved,user
FITB,IAT.US,2017-01-03,2017-01-26,approved,user
GM,CARZ.US,2025-11-10,2025-12-26,approved,user
GOOG,FDN.US,2021-07-15,2021-07-20,approved,user
HRB,IYC.US,2017-08-10,2017-08-28,approved,user
INCY,XBI.US,2017-05-05,2017-05-26,approved,user
JEC,PKB.US,2016-06-20,2016-09-06,approved,user
JWN,XRT.US,2020-01-10,2020-02-20,approved,user
KMI,MLPX.US,2024-10-28,2024-12-02,approved,user
MGM,BJK.US,2023-04-03,2023-05-05,approved,user
NAVI,,2017-01-03,2017-01-17,excluded,user
NCLH,PEJ.US,2021-01-04,2021-05-03,approved,user
NVR,ITB.US,2023-03-20,2023-07-03,approved,user
PFE,IHE.US,2022-01-03,2022-01-26,approved,user
RHI,,2021-11-01,2021-12-01,excluded,user
SEDG,TAN.US,2022-03-10,2022-12-15,approved,user
TIF,XRT.US,2020-03-02,2020-03-05,approved,user
VTR,REZ.US,2025-03-05,2025-03-10,approved,user
ABT,IHI.US,2018-12-17,2018-12-20,approved,user
BKNG,PEJ.US,2024-01-02,2024-01-05,approved,user
CMI,CARZ.US,2023-01-10,2023-03-06,approved,user
CVS,IHF.US,2020-01-02,2020-01-21,approved,user
DE,MOO.US,2020-10-15,2020-12-07,approved,user
DRI,PEJ.US,2016-03-28,2016-04-26,approved,user
ECL,PHO.US,2019-04-22,2019-07-05,approved,user
EXPD,IYT.US,2021-07-20,2021-07-26,approved,user
FFIV,HACK.US,2016-10-03,2016-11-28,approved,user
GS,IAI.US,2016-12-05,2016-12-20,approved,user
HOLX,IHI.US,2020-08-20,2020-11-20,approved,user
IDXX,PAWZ.US,2019-07-22,2019-09-05,approved,user
KR,PBJ.US,2018-03-05,2018-09-10,approved,user
KSU,IYT.US,2019-11-20,2019-12-16,approved,user
LKQ,FTXR.US,2020-01-02,2020-01-15,approved,user
MCD,PEJ.US,2017-07-03,2017-07-10,approved,user
NWL,XLY.US,2020-01-02,2020-02-03,approved,user
NWS,PBS.US,2024-01-02,2024-02-01,approved,user
ORLY,RTH.US,2025-04-07,2025-04-07,approved,user
PSX,CRAK.US,2018-08-01,2018-08-10,approved,user
RJF,IAI.US,2022-02-15,2022-12-01,approved,user
VAR,IHI.US,2019-02-05,2019-04-10,approved,user
VTR,REZ.US,2019-02-26,2019-10-21,approved,user
VZ,IYZ.US,2018-11-15,2018-12-26,approved,user
WLTW,IAK.US,2019-03-01,2019-07-01,approved,user
IR,,2020-02-05,2020-12-07,excluded,user_reviewed_ticker_transition_legacy_ingersoll_rand_to_trane
NWS,,2023-08-21,2023-12-26,excluded,user_reviewed_media_etf_ticker_transition_pbs_to_ggme
NWS,PBS.US,2021-03-10,2021-04-12,approved,user_reviewed_media_proxy_before_ggme_ticker_change
Q,SOXX.US,2026-05-15,2026-05-20,approved,user_reviewed_qnity_semiconductor_equipment_proxy
F,CARZ.US,2021-02-05,2021-11-15,approved,user_reviewed_automotive_industry_proxy
A,IHI.US,2016-08-10,2016-08-15,approved,openrouter_reviewed_historical_mapping_batch
AABA,,2016-09-12,2016-10-03,excluded,openrouter_reviewed_historical_mapping_batch
ABBV,IHE.US,2016-04-26,2016-04-26,approved,openrouter_reviewed_historical_mapping_batch
ADBE,IGV.US,2016-01-04,2016-01-05,approved,openrouter_reviewed_historical_mapping_batch
ADM,MOO.US,2016-09-01,2016-11-07,approved,openrouter_reviewed_historical_mapping_batch
ADSK,IGV.US,2016-11-07,2016-11-07,approved,openrouter_reviewed_historical_mapping_batch
AEE,XLU.US,2016-02-05,2016-03-21,approved,openrouter_reviewed_historical_mapping_batch
AEP,XLU.US,2016-04-01,2016-04-15,approved,openrouter_reviewed_historical_mapping_batch
AIZ,IAK.US,2016-05-02,2016-05-02,approved,openrouter_reviewed_historical_mapping_batch
AKAM,HACK.US,2016-11-01,2016-11-07,approved,openrouter_reviewed_historical_mapping_batch
AMT,ICF.US,2016-07-20,2016-07-20,approved,openrouter_reviewed_historical_mapping_batch
BCR,IHI.US,2016-05-20,2016-06-15,approved,openrouter_reviewed_historical_mapping_batch
BRCM,SOXX.US,2016-01-04,2016-01-26,approved,openrouter_reviewed_historical_mapping_batch
CAG,PBJ.US,2016-02-26,2016-02-26,approved,openrouter_reviewed_historical_mapping_batch
CBS,PBS.US,2016-04-01,2016-04-26,approved,openrouter_reviewed_historical_mapping_batch
CHD,RHS.US,2016-06-15,2016-06-15,approved,openrouter_reviewed_historical_mapping_batch
CHRW,IYT.US,2016-05-26,2016-06-01,approved,openrouter_reviewed_historical_mapping_batch
CME,IAI.US,2016-09-12,2016-09-12,approved,openrouter_reviewed_historical_mapping_batch
CNC,IHF.US,2016-07-26,2016-08-10,approved,openrouter_reviewed_historical_mapping_batch
CPGX,MLPX.US,2016-06-27,2016-06-27,approved,openrouter_reviewed_historical_mapping_batch
CPRI,,2016-03-10,2016-05-02,excluded,openrouter_reviewed_historical_mapping_batch
CRM,IGV.US,2016-07-11,2016-07-15,approved,openrouter_reviewed_historical_mapping_batch
CTL,IYZ.US,2016-03-07,2016-03-07,approved,openrouter_reviewed_historical_mapping_batch
CVX,XLE.US,2016-06-15,2016-07-05,approved,openrouter_reviewed_historical_mapping_batch
CXO,IEO.US,2016-06-15,2016-10-17,approved,openrouter_reviewed_historical_mapping_batch
DE,MOO.US,2016-12-27,2016-12-27,approved,openrouter_reviewed_historical_mapping_batch
DFS,KBWB.US,2016-11-15,2016-12-27,approved,openrouter_reviewed_historical_mapping_batch
DGX,IHF.US,2016-07-11,2016-08-22,approved,openrouter_reviewed_historical_mapping_batch
DHI,ITB.US,2016-07-11,2016-07-20,approved,openrouter_reviewed_historical_mapping_batch
DUK,XLU.US,2016-04-20,2016-04-20,approved,openrouter_reviewed_historical_mapping_batch
EA,GAMR.US,2016-10-03,2016-10-05,approved,openrouter_reviewed_historical_mapping_batch
EBAY,IBUY.US,2016-10-17,2016-10-20,approved,openrouter_reviewed_historical_mapping_batch
ENDP,IHE.US,2016-10-26,2016-10-26,approved,openrouter_reviewed_historical_mapping_batch
EOG,IEO.US,2016-10-05,2016-12-27,approved,openrouter_reviewed_historical_mapping_batch
ES,XLU.US,2016-03-10,2016-03-10,approved,openrouter_reviewed_historical_mapping_batch
EXPE,PEJ.US,2016-01-04,2016-01-04,approved,openrouter_reviewed_historical_mapping_batch
FAST,XLI.US,2016-03-21,2016-03-28,approved,openrouter_reviewed_historical_mapping_batch
FL,XRT.US,2016-11-15,2016-11-15,approved,openrouter_reviewed_historical_mapping_batch
FLIR,ITA.US,2016-04-26,2016-04-26,approved,openrouter_reviewed_historical_mapping_batch
FMC,MOO.US,2016-06-20,2016-07-05,approved,openrouter_reviewed_historical_mapping_batch
FTI,OIH.US,2016-12-27,2016-12-27,approved,openrouter_reviewed_historical_mapping_batch
GD,ITA.US,2016-12-05,2016-12-05,approved,openrouter_reviewed_historical_mapping_batch
GE,PPA.US,2016-01-15,2016-04-01,approved,openrouter_reviewed_historical_mapping_batch
GIS,PBJ.US,2016-07-01,2016-07-05,approved,openrouter_reviewed_historical_mapping_batch
GPN,IPAY.US,2016-07-15,2016-08-15,approved,openrouter_reviewed_historical_mapping_batch
HAR,CARZ.US,2016-11-15,2016-11-28,approved,openrouter_reviewed_historical_mapping_batch
HAS,PEJ.US,2016-05-26,2016-06-06,approved,openrouter_reviewed_historical_mapping_batch
HES,IEO.US,2016-06-27,2016-07-05,approved,openrouter_reviewed_historical_mapping_batch
HRS,ITA.US,2016-09-12,2016-12-15,approved,openrouter_reviewed_historical_mapping_batch
HSIC,IHF.US,2016-02-22,2016-02-22,approved,openrouter_reviewed_historical_mapping_batch
HSY,PBJ.US,2016-07-01,2016-08-26,approved,openrouter_reviewed_historical_mapping_batch
ICE,IAI.US,2016-02-01,2016-02-01,approved,openrouter_reviewed_historical_mapping_batch
IFF,IYM.US,2016-08-10,2016-08-15,approved,openrouter_reviewed_historical_mapping_batch
JEF,IAI.US,2016-12-12,2016-12-12,approved,openrouter_reviewed_historical_mapping_batch
JPM,KBWB.US,2016-12-05,2016-12-05,approved,openrouter_reviewed_historical_mapping_batch
K,PBJ.US,2016-02-26,2016-02-26,approved,openrouter_reviewed_historical_mapping_batch
KHC,PBJ.US,2016-08-10,2016-08-10,approved,openrouter_reviewed_historical_mapping_batch
KIM,ICF.US,2016-02-05,2016-02-10,approved,openrouter_reviewed_historical_mapping_batch
KMI,MLPX.US,2016-09-26,2016-10-05,approved,openrouter_reviewed_historical_mapping_batch
LMT,ITA.US,2016-08-10,2016-08-10,approved,openrouter_reviewed_historical_mapping_batch
LUV,JETS.US,2016-01-04,2016-01-05,approved,openrouter_reviewed_historical_mapping_batch
MO,XLP.US,2016-02-26,2016-06-15,approved,openrouter_reviewed_historical_mapping_batch
MSI,XTL.US,2016-02-26,2016-02-26,approved,openrouter_reviewed_historical_mapping_batch
NWL,XLY.US,2016-07-05,2016-07-05,approved,openrouter_reviewed_historical_mapping_batch
PCP,ITA.US,2016-01-04,2016-01-26,approved,openrouter_reviewed_historical_mapping_batch
PEG,XLU.US,2016-05-02,2016-05-10,approved,openrouter_reviewed_historical_mapping_batch
PFG,KIE.US,2016-11-01,2016-12-20,approved,openrouter_reviewed_historical_mapping_batch
PGR,KBWP.US,2016-02-26,2016-03-10,approved,openrouter_reviewed_historical_mapping_batch
PH,XLI.US,2016-11-28,2016-12-27,approved,openrouter_reviewed_historical_mapping_batch
PRU,KIE.US,2016-12-12,2016-12-27,approved,openrouter_reviewed_historical_mapping_batch
PVH,,2016-10-17,2016-10-20,excluded,openrouter_reviewed_historical_mapping_batch
QRVO,SOXX.US,2016-07-11,2016-09-20,approved,openrouter_reviewed_historical_mapping_batch
ROST,RTH.US,2016-03-21,2016-12-05,approved,openrouter_reviewed_historical_mapping_batch
SCHW,IAI.US,2016-11-28,2016-12-15,approved,openrouter_reviewed_historical_mapping_batch
STT,KCE.US,2016-12-12,2016-12-12,approved,openrouter_reviewed_historical_mapping_batch
SYK,IHI.US,2016-05-20,2016-06-06,approved,openrouter_reviewed_historical_mapping_batch
TWC,IYZ.US,2016-02-26,2016-05-16,approved,openrouter_reviewed_historical_mapping_batch
TWX,PBS.US,2016-11-01,2016-12-27,approved,openrouter_reviewed_historical_mapping_batch
UNH,IHF.US,2016-04-26,2016-04-26,approved,openrouter_reviewed_historical_mapping_batch
UNM,KIE.US,2016-12-15,2016-12-27,approved,openrouter_reviewed_historical_mapping_batch
VAR,IHI.US,2016-10-05,2016-10-05,approved,openrouter_reviewed_historical_mapping_batch
VZ,IYZ.US,2016-04-26,2016-04-26,approved,openrouter_reviewed_historical_mapping_batch
WAT,IHI.US,2016-08-22,2016-08-22,approved,openrouter_reviewed_historical_mapping_batch
WELL,REZ.US,2016-07-15,2016-07-26,approved,openrouter_reviewed_historical_mapping_batch
XEC,XOP.US,2016-09-01,2016-10-20,approved,openrouter_reviewed_historical_mapping_batch
XEL,XLU.US,2016-02-10,2016-03-21,approved,openrouter_reviewed_historical_mapping_batch
XOM,XLE.US,2016-05-20,2016-05-20,approved,openrouter_reviewed_historical_mapping_batch
XRAY,IHI.US,2016-03-01,2016-03-01,approved,openrouter_reviewed_historical_mapping_batch
ZBH,IHI.US,2016-07-15,2016-08-26,approved,openrouter_reviewed_historical_mapping_batch
AKAM,HACK.US,2017-12-26,2017-12-26,approved,openrouter_reviewed_historical_mapping_batch
ALK,JETS.US,2017-02-27,2017-04-03,approved,openrouter_reviewed_historical_mapping_batch
BBT,IAT.US,2017-01-03,2017-01-10,approved,openrouter_reviewed_historical_mapping_batch
BIIB,IBB.US,2017-10-20,2017-10-20,approved,openrouter_reviewed_historical_mapping_batch
BWA,CARZ.US,2017-10-05,2017-10-10,approved,openrouter_reviewed_historical_mapping_batch
CERN,XSW.US,2017-07-03,2017-07-03,approved,openrouter_reviewed_historical_mapping_batch
CMI,CARZ.US,2017-01-03,2017-01-05,approved,openrouter_reviewed_historical_mapping_batch
CTSH,XSW.US,2017-07-03,2017-08-07,approved,openrouter_reviewed_historical_mapping_batch
DFS,KBWB.US,2017-01-03,2017-01-05,approved,openrouter_reviewed_historical_mapping_batch
DG,RTH.US,2017-12-11,2017-12-11,approved,openrouter_reviewed_historical_mapping_batch
DLR,ICF.US,2017-05-01,2017-05-01,approved,openrouter_reviewed_historical_mapping_batch
EL,RHS.US,2017-09-20,2017-12-26,approved,openrouter_reviewed_historical_mapping_batch
ETFC,IAI.US,2017-01-17,2017-12-05,approved,openrouter_reviewed_historical_mapping_batch
EXPE,PEJ.US,2017-07-17,2017-08-01,approved,openrouter_reviewed_historical_mapping_batch
FLIR,ITA.US,2017-11-15,2017-12-05,approved,openrouter_reviewed_historical_mapping_batch
FTI,OIH.US,2017-01-03,2017-01-10,approved,openrouter_reviewed_historical_mapping_batch
HBAN,IAT.US,2017-04-03,2017-04-05,approved,openrouter_reviewed_historical_mapping_batch
HP,OIH.US,2017-01-05,2017-01-10,approved,openrouter_reviewed_historical_mapping_batch
HPE,XTH.US,2017-01-03,2017-01-05,approved,openrouter_reviewed_historical_mapping_batch
HPQ,XTH.US,2017-05-01,2017-05-10,approved,openrouter_reviewed_historical_mapping_batch
INTU,IGV.US,2017-09-26,2017-09-26,approved,openrouter_reviewed_historical_mapping_batch
IT,XSW.US,2017-07-03,2017-07-10,approved,openrouter_reviewed_historical_mapping_batch
JPM,KBWB.US,2017-01-05,2017-01-26,approved,openrouter_reviewed_historical_mapping_batch
KMX,XRT.US,2017-10-02,2017-10-02,approved,openrouter_reviewed_historical_mapping_batch
LLTC,SOXX.US,2017-01-03,2017-01-05,approved,openrouter_reviewed_historical_mapping_batch
LYB,IYM.US,2017-11-06,2017-11-06,approved,openrouter_reviewed_historical_mapping_batch
MLM,PKB.US,2017-02-06,2017-02-06,approved,openrouter_reviewed_historical_mapping_batch
MTB,IAT.US,2017-01-05,2017-01-10,approved,openrouter_reviewed_historical_mapping_batch
PFG,KIE.US,2017-01-05,2017-04-05,approved,openrouter_reviewed_historical_mapping_batch
PKI,IHI.US,2017-07-10,2017-07-10,approved,openrouter_reviewed_historical_mapping_batch
PRU,KIE.US,2017-01-05,2017-01-10,approved,openrouter_reviewed_historical_mapping_batch
RAI,XLP.US,2017-04-10,2017-04-17,approved,openrouter_reviewed_historical_mapping_batch
RIG,OIH.US,2017-01-26,2017-02-27,approved,openrouter_reviewed_historical_mapping_batch
RL,,2017-10-26,2017-12-11,excluded,openrouter_reviewed_historical_mapping_batch
ROST,RTH.US,2017-12-11,2017-12-26,approved,openrouter_reviewed_historical_mapping_batch
SCHW,IAI.US,2017-01-03,2017-01-03,approved,openrouter_reviewed_historical_mapping_batch
SPGI,IAI.US,2017-07-03,2017-07-05,approved,openrouter_reviewed_historical_mapping_batch
STT,KCE.US,2017-07-05,2017-07-10,approved,openrouter_reviewed_historical_mapping_batch
TSS,IPAY.US,2017-09-01,2017-09-05,approved,openrouter_reviewed_historical_mapping_batch
TWX,PBS.US,2017-01-03,2017-01-03,approved,openrouter_reviewed_historical_mapping_batch
UNM,KIE.US,2017-01-10,2017-01-10,approved,openrouter_reviewed_historical_mapping_batch
VAR,IHI.US,2017-07-03,2017-07-10,approved,openrouter_reviewed_historical_mapping_batch
VFC,,2017-10-26,2017-12-15,excluded,openrouter_reviewed_historical_mapping_batch
WMB,ENFR.US,2017-01-03,2017-01-10,approved,openrouter_reviewed_historical_mapping_batch
WRK,WOOD.US,2017-01-26,2017-01-26,approved,openrouter_reviewed_historical_mapping_batch
XEC,XOP.US,2017-01-03,2017-01-03,approved,openrouter_reviewed_historical_mapping_batch
XRX,XTH.US,2017-04-17,2017-07-05,approved,openrouter_reviewed_historical_mapping_batch
XYL,PHO.US,2017-10-10,2017-10-10,approved,openrouter_reviewed_historical_mapping_batch
AEE,XLU.US,2018-10-22,2018-12-17,approved,openrouter_reviewed_historical_mapping_batch
AEP,XLU.US,2018-12-17,2018-12-26,approved,openrouter_reviewed_historical_mapping_batch
AGN,IHE.US,2018-10-10,2018-10-10,approved,openrouter_reviewed_historical_mapping_batch
AJG,IAK.US,2018-11-20,2018-11-26,approved,openrouter_reviewed_historical_mapping_batch
AMT,SRVR.US,2018-11-15,2018-12-26,approved,openrouter_reviewed_historical_mapping_batch
ANTM,IHF.US,2018-11-01,2018-12-06,approved,openrouter_reviewed_historical_mapping_batch
AON,IAK.US,2018-11-20,2018-11-26,approved,openrouter_reviewed_historical_mapping_batch
CFG,IAT.US,2018-02-05,2018-02-05,approved,openrouter_reviewed_historical_mapping_batch
CI,IHF.US,2018-11-01,2018-12-03,approved,openrouter_reviewed_historical_mapping_batch
CMS,XLU.US,2018-11-20,2018-12-10,approved,openrouter_reviewed_historical_mapping_batch
COST,RTH.US,2018-10-15,2018-11-20,approved,openrouter_reviewed_historical_mapping_batch
CTAS,XLI.US,2018-08-10,2018-08-10,approved,openrouter_reviewed_historical_mapping_batch
DAL,JETS.US,2018-12-03,2018-12-03,approved,openrouter_reviewed_historical_mapping_batch
DG,RTH.US,2018-02-05,2018-11-01,approved,openrouter_reviewed_historical_mapping_batch
DRI,PEJ.US,2018-11-20,2018-11-20,approved,openrouter_reviewed_historical_mapping_batch
DTE,XLU.US,2018-10-26,2018-10-26,approved,openrouter_reviewed_historical_mapping_batch
DUK,XLU.US,2018-12-20,2018-12-20,approved,openrouter_reviewed_historical_mapping_batch
EA,GAMR.US,2018-07-02,2018-07-16,approved,openrouter_reviewed_historical_mapping_batch
EIX,XLU.US,2018-10-26,2018-11-01,approved,openrouter_reviewed_historical_mapping_batch
ES,XLU.US,2018-12-10,2018-12-17,approved,openrouter_reviewed_historical_mapping_batch
ETR,XLU.US,2018-12-26,2018-12-26,approved,openrouter_reviewed_historical_mapping_batch
EVHC,IHF.US,2018-04-10,2018-07-05,approved,openrouter_reviewed_historical_mapping_batch
EXC,XLU.US,2018-12-20,2018-12-26,approved,openrouter_reviewed_historical_mapping_batch
EXR,REZ.US,2018-07-02,2018-07-05,approved,openrouter_reviewed_historical_mapping_batch
FE,XLU.US,2018-10-22,2018-12-20,approved,openrouter_reviewed_historical_mapping_batch
FL,XRT.US,2018-02-26,2018-11-15,approved,openrouter_reviewed_historical_mapping_batch
FLS,PHO.US,2018-11-12,2018-11-12,approved,openrouter_reviewed_historical_mapping_batch
HSIC,IHF.US,2018-12-03,2018-12-06,approved,openrouter_reviewed_historical_mapping_batch
HSY,PBJ.US,2018-12-26,2018-12-26,approved,openrouter_reviewed_historical_mapping_batch
HUM,IHF.US,2018-04-26,2018-04-26,approved,openrouter_reviewed_historical_mapping_batch
IPG,PBS.US,2018-04-20,2018-04-26,approved,openrouter_reviewed_historical_mapping_batch
IQV,IHF.US,2018-09-26,2018-09-26,approved,openrouter_reviewed_historical_mapping_batch
IT,XSW.US,2018-09-26,2018-09-26,approved,openrouter_reviewed_historical_mapping_batch
JEC,PAVE.US,2018-10-05,2018-11-01,approved,openrouter_reviewed_historical_mapping_batch
MCD,PEJ.US,2018-12-26,2018-12-26,approved,openrouter_reviewed_historical_mapping_batch
MSFT,IGV.US,2018-10-15,2018-10-26,approved,openrouter_reviewed_historical_mapping_batch
NSC,IYT.US,2018-09-10,2018-10-10,approved,openrouter_reviewed_historical_mapping_batch
PG,RHS.US,2018-12-17,2018-12-26,approved,openrouter_reviewed_historical_mapping_batch
PGR,KBWP.US,2018-04-05,2018-11-01,approved,openrouter_reviewed_historical_mapping_batch
PNW,XLU.US,2018-12-26,2018-12-26,approved,openrouter_reviewed_historical_mapping_batch
PRGO,IHE.US,2018-01-05,2018-01-10,approved,openrouter_reviewed_historical_mapping_batch
PVH,,2018-02-12,2018-02-12,excluded,openrouter_reviewed_historical_mapping_batch
PXD,IEO.US,2018-04-26,2018-05-01,approved,openrouter_reviewed_historical_mapping_batch
RF,IAT.US,2018-02-12,2018-03-20,approved,openrouter_reviewed_historical_mapping_batch
SCG,XLU.US,2018-12-03,2018-12-10,approved,openrouter_reviewed_historical_mapping_batch
SCHW,IAI.US,2018-03-12,2018-03-12,approved,openrouter_reviewed_historical_mapping_batch
TTWO,GAMR.US,2018-09-26,2018-09-26,approved,openrouter_reviewed_historical_mapping_batch
TXN,SOXX.US,2018-01-05,2018-01-22,approved,openrouter_reviewed_historical_mapping_batch
UDR,REZ.US,2018-10-26,2018-10-26,approved,openrouter_reviewed_historical_mapping_batch
UHS,IHF.US,2018-11-20,2018-11-20,approved,openrouter_reviewed_historical_mapping_batch
UNP,IYT.US,2018-01-02,2018-01-10,approved,openrouter_reviewed_historical_mapping_batch
WEC,XLU.US,2018-12-20,2018-12-20,approved,openrouter_reviewed_historical_mapping_batch
XEL,XLU.US,2018-12-06,2018-12-10,approved,openrouter_reviewed_historical_mapping_batch
ZTS,IHI.US,2018-04-02,2018-10-26,approved,openrouter_reviewed_historical_mapping_batch
A,IHI.US,2019-02-26,2019-04-22,approved,openrouter_reviewed_historical_mapping_batch
ABT,IHI.US,2019-01-22,2019-01-22,approved,openrouter_reviewed_historical_mapping_batch
ADI,SOXX.US,2019-05-01,2019-07-15,approved,openrouter_reviewed_historical_mapping_batch
AEP,XLU.US,2019-03-26,2019-04-05,approved,openrouter_reviewed_historical_mapping_batch
AIG,IAK.US,2019-08-01,2019-09-20,approved,openrouter_reviewed_historical_mapping_batch
AIV,REZ.US,2019-01-28,2019-01-28,approved,openrouter_reviewed_historical_mapping_batch
AJG,IAK.US,2019-07-01,2019-07-01,approved,openrouter_reviewed_historical_mapping_batch
ALLE,XHB.US,2019-06-20,2019-07-05,approved,openrouter_reviewed_historical_mapping_batch
AMGN,IBB.US,2019-12-20,2019-12-26,approved,openrouter_reviewed_historical_mapping_batch
ANTM,IHF.US,2019-02-01,2019-02-26,approved,openrouter_reviewed_historical_mapping_batch
AON,IAK.US,2019-02-15,2019-07-10,approved,openrouter_reviewed_historical_mapping_batch
APTV,CARZ.US,2019-11-01,2019-11-11,approved,openrouter_reviewed_historical_mapping_batch
ATVI,GAMR.US,2019-11-01,2019-12-20,approved,openrouter_reviewed_historical_mapping_batch
AXP,IPAY.US,2019-05-28,2019-05-28,approved,openrouter_reviewed_historical_mapping_batch
BF.B,PBJ.US,2019-11-01,2019-11-01,approved,openrouter_reviewed_historical_mapping_batch
BIIB,IBB.US,2019-11-01,2019-11-01,approved,openrouter_reviewed_historical_mapping_batch
BR,FINX.US,2019-07-22,2019-08-05,approved,openrouter_reviewed_historical_mapping_batch
CBOE,IAI.US,2019-08-15,2019-08-15,approved,openrouter_reviewed_historical_mapping_batch
CCI,SRVR.US,2019-04-01,2019-04-01,approved,openrouter_reviewed_historical_mapping_batch
CLX,RHS.US,2019-01-07,2019-01-22,approved,openrouter_reviewed_historical_mapping_batch
COG,XOP.US,2019-04-01,2019-04-01,approved,openrouter_reviewed_historical_mapping_batch
COO,IHI.US,2019-06-20,2019-06-20,approved,openrouter_reviewed_historical_mapping_batch
COST,RTH.US,2019-07-15,2019-07-15,approved,openrouter_reviewed_historical_mapping_batch
COTY,RHS.US,2019-08-01,2019-08-01,approved,openrouter_reviewed_historical_mapping_batch
CPB,PBJ.US,2019-10-07,2019-10-21,approved,openrouter_reviewed_historical_mapping_batch
CRM,IGV.US,2019-01-22,2019-05-01,approved,openrouter_reviewed_historical_mapping_batch
CSCO,XTL.US,2019-04-26,2019-05-28,approved,openrouter_reviewed_historical_mapping_batch
CTL,IYZ.US,2019-10-21,2019-12-05,approved,openrouter_reviewed_historical_mapping_batch
DE,MOO.US,2019-01-15,2019-01-22,approved,openrouter_reviewed_historical_mapping_batch
DHI,ITB.US,2019-04-15,2019-12-10,approved,openrouter_reviewed_historical_mapping_batch
DIS,PBS.US,2019-06-17,2019-08-05,approved,openrouter_reviewed_historical_mapping_batch
DOV,PAVE.US,2019-05-20,2019-05-20,approved,openrouter_reviewed_historical_mapping_batch
EFX,,2019-08-15,2019-08-15,excluded,openrouter_reviewed_historical_mapping_batch
ES,XLU.US,2019-06-10,2019-06-17,approved,openrouter_reviewed_historical_mapping_batch
ESS,REZ.US,2019-02-11,2019-03-26,approved,openrouter_reviewed_historical_mapping_batch
EXC,XLU.US,2019-01-02,2019-02-01,approved,openrouter_reviewed_historical_mapping_batch
EXR,REZ.US,2019-03-26,2019-08-26,approved,openrouter_reviewed_historical_mapping_batch
FBHS,XHB.US,2019-12-02,2019-12-02,approved,openrouter_reviewed_historical_mapping_batch
FIS,IPAY.US,2019-08-12,2019-08-20,approved,openrouter_reviewed_historical_mapping_batch
FISV,IPAY.US,2019-08-01,2019-12-16,approved,openrouter_reviewed_historical_mapping_batch
GE,PPA.US,2019-05-01,2019-06-17,approved,openrouter_reviewed_historical_mapping_batch
GIS,PBJ.US,2019-05-10,2019-05-28,approved,openrouter_reviewed_historical_mapping_batch
HD,XHB.US,2019-10-15,2019-10-21,approved,openrouter_reviewed_historical_mapping_batch
HON,PAVE.US,2019-05-20,2019-05-20,approved,openrouter_reviewed_historical_mapping_batch
HRS,ITA.US,2019-05-06,2019-05-28,approved,openrouter_reviewed_historical_mapping_batch
HUM,IHF.US,2019-12-10,2019-12-10,approved,openrouter_reviewed_historical_mapping_batch
ICE,IAI.US,2019-08-12,2019-08-12,approved,openrouter_reviewed_historical_mapping_batch
ILMN,ARKG.US,2019-07-05,2019-07-10,approved,openrouter_reviewed_historical_mapping_batch
INCY,XBI.US,2019-01-07,2019-05-10,approved,openrouter_reviewed_historical_mapping_batch
INTU,IGV.US,2019-02-15,2019-07-26,approved,openrouter_reviewed_historical_mapping_batch
JBHT,IYT.US,2019-10-28,2019-11-05,approved,openrouter_reviewed_historical_mapping_batch
JEC,PAVE.US,2019-05-28,2019-05-28,approved,openrouter_reviewed_historical_mapping_batch
JWN,XRT.US,2019-12-20,2019-12-26,approved,openrouter_reviewed_historical_mapping_batch
KIM,ICF.US,2019-11-01,2019-11-01,approved,openrouter_reviewed_historical_mapping_batch
KMB,RHS.US,2019-06-26,2019-07-01,approved,openrouter_reviewed_historical_mapping_batch
KMI,MLPX.US,2019-05-20,2019-06-03,approved,openrouter_reviewed_historical_mapping_batch
KR,PBJ.US,2019-12-10,2019-12-26,approved,openrouter_reviewed_historical_mapping_batch
LEN,ITB.US,2019-12-02,2019-12-16,approved,openrouter_reviewed_historical_mapping_batch
LIN,IYM.US,2019-06-05,2019-07-15,approved,openrouter_reviewed_historical_mapping_batch
LMT,ITA.US,2019-09-05,2019-10-07,approved,openrouter_reviewed_historical_mapping_batch
MA,IAI.US,2019-05-06,2019-06-10,approved,openrouter_reviewed_historical_mapping_batch
MAS,XHB.US,2019-11-01,2019-11-05,approved,openrouter_reviewed_historical_mapping_batch
MCO,IAI.US,2019-11-01,2019-11-01,approved,openrouter_reviewed_historical_mapping_batch
MDLZ,PBJ.US,2019-06-17,2019-06-17,approved,openrouter_reviewed_historical_mapping_batch
MDT,IHI.US,2019-09-16,2019-09-20,approved,openrouter_reviewed_historical_mapping_batch
MSFT,IGV.US,2019-07-05,2019-07-22,approved,openrouter_reviewed_historical_mapping_batch
NEE,XLU.US,2019-10-07,2019-10-10,approved,openrouter_reviewed_historical_mapping_batch
NKE,,2019-04-22,2019-04-22,excluded,openrouter_reviewed_historical_mapping_batch
NVR,ITB.US,2019-12-05,2019-12-05,approved,openrouter_reviewed_historical_mapping_batch
PAYX,XSW.US,2019-04-22,2019-06-03,approved,openrouter_reviewed_historical_mapping_batch
PLD,ICF.US,2019-06-05,2019-06-05,approved,openrouter_reviewed_historical_mapping_batch
QCOM,SOXX.US,2019-04-22,2019-07-01,approved,openrouter_reviewed_historical_mapping_batch
QRVO,SOXX.US,2019-11-05,2019-11-05,approved,openrouter_reviewed_historical_mapping_batch
ROP,XLI.US,2019-05-06,2019-06-17,approved,openrouter_reviewed_historical_mapping_batch
RTN,ITA.US,2019-12-02,2019-12-05,approved,openrouter_reviewed_historical_mapping_batch
SEE,XLB.US,2019-03-26,2019-05-01,approved,openrouter_reviewed_historical_mapping_batch
SPGI,IAI.US,2019-08-05,2019-12-10,approved,openrouter_reviewed_historical_mapping_batch
STT,KCE.US,2019-12-10,2019-12-26,approved,openrouter_reviewed_historical_mapping_batch
SYF,IPAY.US,2019-05-10,2019-05-28,approved,openrouter_reviewed_historical_mapping_batch
SYMC,HACK.US,2019-02-15,2019-02-15,approved,openrouter_reviewed_historical_mapping_batch
TMO,IHI.US,2019-06-26,2019-07-05,approved,openrouter_reviewed_historical_mapping_batch
TRIP,PEJ.US,2019-02-11,2019-02-11,approved,openrouter_reviewed_historical_mapping_batch
UA,,2019-05-28,2019-07-22,excluded,openrouter_reviewed_historical_mapping_batch
UAA,,2019-03-15,2019-07-22,excluded,openrouter_reviewed_historical_mapping_batch
UAL,JETS.US,2019-01-10,2019-01-10,approved,openrouter_reviewed_historical_mapping_batch
UDR,REZ.US,2019-01-28,2019-01-28,approved,openrouter_reviewed_historical_mapping_batch
UNP,IYT.US,2019-04-22,2019-05-01,approved,openrouter_reviewed_historical_mapping_batch
VMC,PAVE.US,2019-08-15,2019-09-26,approved,openrouter_reviewed_historical_mapping_batch
VRSK,FDIQ.US,2019-05-06,2019-06-03,approved,openrouter_reviewed_historical_mapping_batch
VZ,IYZ.US,2019-01-07,2019-01-15,approved,openrouter_reviewed_historical_mapping_batch
WEC,XLU.US,2019-09-05,2019-10-01,approved,openrouter_reviewed_historical_mapping_batch
WHR,XHB.US,2019-03-15,2019-10-28,approved,openrouter_reviewed_historical_mapping_batch
WM,EVX.US,2019-06-03,2019-07-15,approved,openrouter_reviewed_historical_mapping_batch
XEL,XLU.US,2019-03-26,2019-06-26,approved,openrouter_reviewed_historical_mapping_batch
XRX,XTH.US,2019-05-06,2019-07-15,approved,openrouter_reviewed_historical_mapping_batch
ZBH,IHI.US,2019-12-02,2019-12-02,approved,openrouter_reviewed_historical_mapping_batch
A,IHI.US,2020-12-10,2020-12-10,approved,openrouter_reviewed_historical_mapping_batch
ABT,IHI.US,2020-10-20,2020-11-02,approved,openrouter_reviewed_historical_mapping_batch
AGN,IHE.US,2020-03-02,2020-03-10,approved,openrouter_reviewed_historical_mapping_batch
AKAM,HACK.US,2020-04-15,2020-10-01,approved,openrouter_reviewed_historical_mapping_batch
ALXN,IBB.US,2020-12-15,2020-12-28,approved,openrouter_reviewed_historical_mapping_batch
AMGN,IBB.US,2020-01-02,2020-01-21,approved,openrouter_reviewed_historical_mapping_batch
AMP,KCE.US,2020-02-03,2020-02-03,approved,openrouter_reviewed_historical_mapping_batch
CAG,PBJ.US,2020-01-02,2020-04-15,approved,openrouter_reviewed_historical_mapping_batch
CHD,RHS.US,2020-10-15,2020-10-15,approved,openrouter_reviewed_historical_mapping_batch
CHRW,IYT.US,2020-10-15,2020-10-15,approved,openrouter_reviewed_historical_mapping_batch
CI,IHF.US,2020-02-05,2020-03-05,approved,openrouter_reviewed_historical_mapping_batch
CL,RHS.US,2020-10-05,2020-10-05,approved,openrouter_reviewed_historical_mapping_batch
CMI,CARZ.US,2020-11-27,2020-12-10,approved,openrouter_reviewed_historical_mapping_batch
COG,XOP.US,2020-06-10,2020-07-06,approved,openrouter_reviewed_historical_mapping_batch
CTAS,XLI.US,2020-09-10,2020-09-10,approved,openrouter_reviewed_historical_mapping_batch
CTL,IYZ.US,2020-01-27,2020-02-10,approved,openrouter_reviewed_historical_mapping_batch
CTVA,MOO.US,2020-10-12,2020-12-21,approved,openrouter_reviewed_historical_mapping_batch
DOV,PAVE.US,2020-01-21,2020-01-21,approved,openrouter_reviewed_historical_mapping_batch
DOW,IYM.US,2020-09-10,2020-09-15,approved,openrouter_reviewed_historical_mapping_batch
EA,GAMR.US,2020-07-15,2020-07-20,approved,openrouter_reviewed_historical_mapping_batch
EMN,IYM.US,2020-11-27,2020-12-07,approved,openrouter_reviewed_historical_mapping_batch
ES,XLU.US,2020-03-10,2020-04-15,approved,openrouter_reviewed_historical_mapping_batch
GE,PPA.US,2020-02-03,2020-02-18,approved,openrouter_reviewed_historical_mapping_batch
GILD,IBB.US,2020-03-10,2020-03-16,approved,openrouter_reviewed_historical_mapping_batch
GLW,,2020-12-01,2020-12-01,excluded,openrouter_reviewed_historical_mapping_batch
GM,CARZ.US,2020-11-27,2020-12-10,approved,openrouter_reviewed_historical_mapping_batch
ILMN,ARKG.US,2020-08-05,2020-08-05,approved,openrouter_reviewed_historical_mapping_batch
IPGP,ROBO.US,2020-11-10,2020-12-10,approved,openrouter_reviewed_historical_mapping_batch
JPM,KBWB.US,2020-01-15,2020-01-15,approved,openrouter_reviewed_historical_mapping_batch
KHC,PBJ.US,2020-07-20,2020-08-10,approved,openrouter_reviewed_historical_mapping_batch
KMX,XRT.US,2020-02-03,2020-09-01,approved,openrouter_reviewed_historical_mapping_batch
LEG,XHB.US,2020-01-02,2020-01-27,approved,openrouter_reviewed_historical_mapping_batch
LYB,IYM.US,2020-09-15,2020-09-15,approved,openrouter_reviewed_historical_mapping_batch
MAS,XHB.US,2020-08-20,2020-08-20,approved,openrouter_reviewed_historical_mapping_batch
MHK,XHB.US,2020-12-15,2020-12-15,approved,openrouter_reviewed_historical_mapping_batch
MNST,PBJ.US,2020-09-15,2020-09-28,approved,openrouter_reviewed_historical_mapping_batch
MS,IAI.US,2020-01-27,2020-01-27,approved,openrouter_reviewed_historical_mapping_batch
MXIM,SOXX.US,2020-11-20,2020-12-10,approved,openrouter_reviewed_historical_mapping_batch
NBL,IEO.US,2020-08-17,2020-08-20,approved,openrouter_reviewed_historical_mapping_batch
NCLH,PEJ.US,2020-12-21,2020-12-21,approved,openrouter_reviewed_historical_mapping_batch
NKE,,2020-01-06,2020-12-28,excluded,openrouter_reviewed_historical_mapping_batch
NWSA,PBS.US,2020-11-27,2020-12-07,approved,openrouter_reviewed_historical_mapping_batch
PRGO,IHE.US,2020-02-05,2020-02-05,approved,openrouter_reviewed_historical_mapping_batch
ROK,PAVE.US,2020-01-02,2020-01-15,approved,openrouter_reviewed_historical_mapping_batch
RTN,ITA.US,2020-01-10,2020-01-10,approved,openrouter_reviewed_historical_mapping_batch
SHW,IYM.US,2020-01-02,2020-01-02,approved,openrouter_reviewed_historical_mapping_batch
SJM,PBJ.US,2020-09-21,2020-09-21,approved,openrouter_reviewed_historical_mapping_batch
SPGI,IAI.US,2020-10-05,2020-10-05,approved,openrouter_reviewed_historical_mapping_batch
SYF,IPAY.US,2020-10-15,2020-10-15,approved,openrouter_reviewed_historical_mapping_batch
TT,XHB.US,2020-10-12,2020-11-16,approved,openrouter_reviewed_historical_mapping_batch
TYL,IGV.US,2020-10-20,2020-10-20,approved,openrouter_reviewed_historical_mapping_batch
UA,,2020-11-20,2020-12-10,excluded,openrouter_reviewed_historical_mapping_batch
VAR,IHI.US,2020-09-08,2020-10-12,approved,openrouter_reviewed_historical_mapping_batch
WMT,RTH.US,2020-04-06,2020-11-20,approved,openrouter_reviewed_historical_mapping_batch
WRK,WOOD.US,2020-01-21,2020-01-21,approved,openrouter_reviewed_historical_mapping_batch
XEL,XLU.US,2020-10-12,2020-10-12,approved,openrouter_reviewed_historical_mapping_batch
ZTS,PAWZ.US,2020-03-16,2020-03-16,approved,openrouter_reviewed_historical_mapping_batch
A,IHI.US,2021-09-01,2021-09-10,approved,openrouter_reviewed_historical_mapping_batch
ACN,XSW.US,2021-12-20,2021-12-27,approved,openrouter_reviewed_historical_mapping_batch
ADBE,IGV.US,2021-12-01,2021-12-01,approved,openrouter_reviewed_historical_mapping_batch
ALXN,IBB.US,2021-01-04,2021-02-01,approved,openrouter_reviewed_historical_mapping_batch
ANTM,IHF.US,2021-07-20,2021-07-20,approved,openrouter_reviewed_historical_mapping_batch
AON,IAK.US,2021-12-10,2021-12-20,approved,openrouter_reviewed_historical_mapping_batch
BIO,IHI.US,2021-09-07,2021-11-01,approved,openrouter_reviewed_historical_mapping_batch
BKR,OIH.US,2021-03-05,2021-03-05,approved,openrouter_reviewed_historical_mapping_batch
CCL,PEJ.US,2021-03-22,2021-04-05,approved,openrouter_reviewed_historical_mapping_batch
CFG,IAT.US,2021-03-26,2021-03-26,approved,openrouter_reviewed_historical_mapping_batch
CMA,IAT.US,2021-03-05,2021-04-01,approved,openrouter_reviewed_historical_mapping_batch
CRM,IGV.US,2021-11-05,2021-11-05,approved,openrouter_reviewed_historical_mapping_batch
CTVA,MOO.US,2021-01-11,2021-02-10,approved,openrouter_reviewed_historical_mapping_batch
DD,IYM.US,2021-01-05,2021-02-01,approved,openrouter_reviewed_historical_mapping_batch
DIS,PBS.US,2021-01-05,2021-01-05,approved,openrouter_reviewed_historical_mapping_batch
DISCA,PBS.US,2021-04-12,2021-04-15,approved,openrouter_reviewed_historical_mapping_batch
DOW,IYM.US,2021-01-04,2021-01-04,approved,openrouter_reviewed_historical_mapping_batch
DVA,IHF.US,2021-01-04,2021-01-11,approved,openrouter_reviewed_historical_mapping_batch
EMN,IYM.US,2021-01-05,2021-01-15,approved,openrouter_reviewed_historical_mapping_batch
FDX,IYT.US,2021-01-04,2021-01-04,approved,openrouter_reviewed_historical_mapping_batch
FFIV,HACK.US,2021-02-10,2021-02-22,approved,openrouter_reviewed_historical_mapping_batch
GOOGL,FDN.US,2021-07-20,2021-09-27,approved,openrouter_reviewed_historical_mapping_batch
GS,IAI.US,2021-04-20,2021-06-10,approved,openrouter_reviewed_historical_mapping_batch
HD,XHB.US,2021-12-10,2021-12-10,approved,openrouter_reviewed_historical_mapping_batch
HPE,XTH.US,2021-04-05,2021-04-05,approved,openrouter_reviewed_historical_mapping_batch
ISRG,IHI.US,2021-08-20,2021-09-07,approved,openrouter_reviewed_historical_mapping_batch
JCI,XHB.US,2021-12-06,2021-12-10,approved,openrouter_reviewed_historical_mapping_batch
KIM,ICF.US,2021-04-12,2021-10-15,approved,openrouter_reviewed_historical_mapping_batch
KSU,IYT.US,2021-04-26,2021-05-10,approved,openrouter_reviewed_historical_mapping_batch
LYV,PEJ.US,2021-12-10,2021-12-27,approved,openrouter_reviewed_historical_mapping_batch
MCHP,SOXX.US,2021-02-22,2021-02-22,approved,openrouter_reviewed_historical_mapping_batch
MS,IAI.US,2021-03-05,2021-11-01,approved,openrouter_reviewed_historical_mapping_batch
MSFT,IGV.US,2021-11-15,2021-11-15,approved,openrouter_reviewed_historical_mapping_batch
MTD,IHI.US,2021-08-10,2021-08-10,approved,openrouter_reviewed_historical_mapping_batch
NKE,,2021-01-04,2021-01-05,excluded,openrouter_reviewed_historical_mapping_batch
NLSN,,2021-03-15,2021-06-01,excluded,openrouter_reviewed_historical_mapping_batch
NWL,XLY.US,2021-01-26,2021-02-05,approved,openrouter_reviewed_historical_mapping_batch
OTIS,XHB.US,2021-07-20,2021-07-20,approved,openrouter_reviewed_historical_mapping_batch
PH,PAVE.US,2021-01-05,2021-01-05,approved,openrouter_reviewed_historical_mapping_batch
PKG,WOOD.US,2021-01-04,2021-01-11,approved,openrouter_reviewed_historical_mapping_batch
PLD,ICF.US,2021-12-20,2021-12-20,approved,openrouter_reviewed_historical_mapping_batch
PNR,PHO.US,2021-08-16,2021-08-16,approved,openrouter_reviewed_historical_mapping_batch
PXD,IEO.US,2021-03-26,2021-04-15,approved,openrouter_reviewed_historical_mapping_batch
QRVO,SOXX.US,2021-01-04,2021-01-20,approved,openrouter_reviewed_historical_mapping_batch
REG,ICF.US,2021-06-15,2021-06-15,approved,openrouter_reviewed_historical_mapping_batch
RF,IAT.US,2021-02-10,2021-03-26,approved,openrouter_reviewed_historical_mapping_batch
RL,,2021-05-10,2021-05-17,excluded,openrouter_reviewed_historical_mapping_batch
SCHW,IAI.US,2021-01-11,2021-02-05,approved,openrouter_reviewed_historical_mapping_batch
SLB,OIH.US,2021-03-05,2021-06-07,approved,openrouter_reviewed_historical_mapping_batch
SNPS,IGV.US,2021-01-04,2021-12-10,approved,openrouter_reviewed_historical_mapping_batch
TMO,IHI.US,2021-11-01,2021-12-06,approved,openrouter_reviewed_historical_mapping_batch
TMUS,IYZ.US,2021-01-04,2021-01-04,approved,openrouter_reviewed_historical_mapping_batch
TSCO,RTH.US,2021-12-06,2021-12-06,approved,openrouter_reviewed_historical_mapping_batch
TT,XHB.US,2021-01-20,2021-01-20,approved,openrouter_reviewed_historical_mapping_batch
TTWO,GAMR.US,2021-01-04,2021-01-04,approved,openrouter_reviewed_historical_mapping_batch
TXT,ITA.US,2021-05-03,2021-11-01,approved,openrouter_reviewed_historical_mapping_batch
AFL,KIE.US,2022-11-10,2022-12-05,approved,openrouter_reviewed_historical_mapping_batch
AIG,IAK.US,2022-02-22,2022-02-28,approved,openrouter_reviewed_historical_mapping_batch
AMCR,IYM.US,2022-09-20,2022-09-20,approved,openrouter_reviewed_historical_mapping_batch
ANTM,IHF.US,2022-02-15,2022-03-10,approved,openrouter_reviewed_historical_mapping_batch
APD,IYM.US,2022-11-28,2022-12-20,approved,openrouter_reviewed_historical_mapping_batch
AXP,IPAY.US,2022-02-22,2022-02-22,approved,openrouter_reviewed_historical_mapping_batch
BRO,IAK.US,2022-02-15,2022-03-07,approved,openrouter_reviewed_historical_mapping_batch
CAG,PBJ.US,2022-12-27,2022-12-27,approved,openrouter_reviewed_historical_mapping_batch
CAH,IHF.US,2022-08-05,2022-08-10,approved,openrouter_reviewed_historical_mapping_batch
CBRE,XLRE.US,2022-01-05,2022-01-05,approved,openrouter_reviewed_historical_mapping_batch
CERN,XSW.US,2022-03-15,2022-03-15,approved,openrouter_reviewed_historical_mapping_batch
CFG,IAT.US,2022-02-15,2022-02-15,approved,openrouter_reviewed_historical_mapping_batch
CME,IAI.US,2022-02-07,2022-02-15,approved,openrouter_reviewed_historical_mapping_batch
CMI,CARZ.US,2022-10-10,2022-12-01,approved,openrouter_reviewed_historical_mapping_batch
CNP,XLU.US,2022-07-05,2022-07-05,approved,openrouter_reviewed_historical_mapping_batch
CSGP,XLRE.US,2022-12-01,2022-12-12,approved,openrouter_reviewed_historical_mapping_batch
CTAS,XLI.US,2022-08-05,2022-11-15,approved,openrouter_reviewed_historical_mapping_batch
CTSH,XSW.US,2022-03-15,2022-03-15,approved,openrouter_reviewed_historical_mapping_batch
DRE,ICF.US,2022-08-01,2022-08-01,approved,openrouter_reviewed_historical_mapping_batch
ELV,IHF.US,2022-09-12,2022-09-12,approved,openrouter_reviewed_historical_mapping_batch
FE,XLU.US,2022-03-10,2022-03-15,approved,openrouter_reviewed_historical_mapping_batch
FITB,IAT.US,2022-01-18,2022-02-15,approved,openrouter_reviewed_historical_mapping_batch
HLT,PEJ.US,2022-02-22,2022-02-22,approved,openrouter_reviewed_historical_mapping_batch
HPQ,XTH.US,2022-02-10,2022-02-22,approved,openrouter_reviewed_historical_mapping_batch
INCY,XBI.US,2022-07-20,2022-07-26,approved,openrouter_reviewed_historical_mapping_batch
IRM,SRVR.US,2022-01-03,2022-12-15,approved,openrouter_reviewed_historical_mapping_batch
JBHT,IYT.US,2022-03-07,2022-03-07,approved,openrouter_reviewed_historical_mapping_batch
KEY,IAT.US,2022-02-07,2022-02-22,approved,openrouter_reviewed_historical_mapping_batch
KO,PBJ.US,2022-07-01,2022-07-01,approved,openrouter_reviewed_historical_mapping_batch
LKQ,FTXR.US,2022-08-05,2022-09-12,approved,openrouter_reviewed_historical_mapping_batch
LOW,XHB.US,2022-01-03,2022-01-03,approved,openrouter_reviewed_historical_mapping_batch
MET,KIE.US,2022-11-21,2022-12-15,approved,openrouter_reviewed_historical_mapping_batch
MNST,PBJ.US,2022-09-12,2022-09-15,approved,openrouter_reviewed_historical_mapping_batch
MOH,IHF.US,2022-11-01,2022-12-27,approved,openrouter_reviewed_historical_mapping_batch
MPWR,SOXX.US,2022-08-05,2022-08-15,approved,openrouter_reviewed_historical_mapping_batch
NCLH,PEJ.US,2022-11-15,2022-11-15,approved,openrouter_reviewed_historical_mapping_batch
NDAQ,IAI.US,2022-10-26,2022-11-15,approved,openrouter_reviewed_historical_mapping_batch
NEE,XLU.US,2022-09-26,2022-10-05,approved,openrouter_reviewed_historical_mapping_batch
OGN,IHE.US,2022-06-27,2022-06-27,approved,openrouter_reviewed_historical_mapping_batch
PAYC,IGV.US,2022-10-26,2022-10-26,approved,openrouter_reviewed_historical_mapping_batch
PLD,ICF.US,2022-01-03,2022-01-03,approved,openrouter_reviewed_historical_mapping_batch
PTC,IGV.US,2022-09-12,2022-09-20,approved,openrouter_reviewed_historical_mapping_batch
QCOM,SOXX.US,2022-02-15,2022-02-15,approved,openrouter_reviewed_historical_mapping_batch
RSG,EVX.US,2022-09-12,2022-10-05,approved,openrouter_reviewed_historical_mapping_batch
SNA,PAVE.US,2022-11-28,2022-12-01,approved,openrouter_reviewed_historical_mapping_batch
SRE,XLU.US,2022-08-01,2022-08-22,approved,openrouter_reviewed_historical_mapping_batch
TRGP,MLPX.US,2022-12-15,2022-12-15,approved,openrouter_reviewed_historical_mapping_batch
TWTR,SOCL.US,2022-10-17,2022-10-26,approved,openrouter_reviewed_historical_mapping_batch
UNP,IYT.US,2022-02-22,2022-03-07,approved,openrouter_reviewed_historical_mapping_batch
WEC,XLU.US,2022-07-01,2022-08-10,approved,openrouter_reviewed_historical_mapping_batch
WM,EVX.US,2022-08-05,2022-08-05,approved,openrouter_reviewed_historical_mapping_batch
WY,WOOD.US,2022-03-15,2022-03-15,approved,openrouter_reviewed_historical_mapping_batch
ZION,IAT.US,2022-02-22,2022-03-01,approved,openrouter_reviewed_historical_mapping_batch
A,IHI.US,2023-01-26,2023-02-06,approved,openrouter_reviewed_historical_mapping_batch
ABC,IHF.US,2023-01-05,2023-01-05,approved,openrouter_reviewed_historical_mapping_batch
ADI,SOXX.US,2023-03-15,2023-04-10,approved,openrouter_reviewed_historical_mapping_batch
ADM,MOO.US,2023-01-03,2023-01-03,approved,openrouter_reviewed_historical_mapping_batch
AFL,KIE.US,2023-10-26,2023-11-01,approved,openrouter_reviewed_historical_mapping_batch
AJG,IAK.US,2023-02-06,2023-11-10,approved,openrouter_reviewed_historical_mapping_batch
ALL,KBWP.US,2023-01-05,2023-12-15,approved,openrouter_reviewed_historical_mapping_batch
ALLE,XHB.US,2023-02-21,2023-02-21,approved,openrouter_reviewed_historical_mapping_batch
AMGN,IBB.US,2023-10-26,2023-10-26,approved,openrouter_reviewed_historical_mapping_batch
AMP,KCE.US,2023-02-01,2023-03-01,approved,openrouter_reviewed_historical_mapping_batch
AON,IAK.US,2023-01-26,2023-01-26,approved,openrouter_reviewed_historical_mapping_batch
APD,IYM.US,2023-01-05,2023-02-01,approved,openrouter_reviewed_historical_mapping_batch
BSX,IHI.US,2023-04-10,2023-05-15,approved,openrouter_reviewed_historical_mapping_batch
BXP,ICF.US,2023-12-15,2023-12-15,approved,openrouter_reviewed_historical_mapping_batch
CAG,PBJ.US,2023-01-17,2023-01-17,approved,openrouter_reviewed_historical_mapping_batch
CDW,XTH.US,2023-02-27,2023-10-26,approved,openrouter_reviewed_historical_mapping_batch
CE,IYM.US,2023-12-01,2023-12-26,approved,openrouter_reviewed_historical_mapping_batch
CMCSA,IYZ.US,2023-08-15,2023-08-15,approved,openrouter_reviewed_historical_mapping_batch
CPB,PBJ.US,2023-01-17,2023-04-20,approved,openrouter_reviewed_historical_mapping_batch
CSGP,XLRE.US,2023-01-03,2023-01-17,approved,openrouter_reviewed_historical_mapping_batch
CTLT,XPH.US,2023-04-10,2023-04-10,approved,openrouter_reviewed_historical_mapping_batch
CTVA,MOO.US,2023-01-10,2023-01-10,approved,openrouter_reviewed_historical_mapping_batch
CZR,PEJ.US,2023-03-06,2023-03-06,approved,openrouter_reviewed_historical_mapping_batch
DAL,JETS.US,2023-07-03,2023-07-05,approved,openrouter_reviewed_historical_mapping_batch
DE,MOO.US,2023-01-03,2023-01-17,approved,openrouter_reviewed_historical_mapping_batch
DGX,IHF.US,2023-02-01,2023-02-06,approved,openrouter_reviewed_historical_mapping_batch
DRI,PEJ.US,2023-04-03,2023-04-03,approved,openrouter_reviewed_historical_mapping_batch
EIX,XLU.US,2023-03-20,2023-03-27,approved,openrouter_reviewed_historical_mapping_batch
EXPE,PEJ.US,2023-11-20,2023-12-05,approved,openrouter_reviewed_historical_mapping_batch
FISV,IPAY.US,2023-05-01,2023-05-01,approved,openrouter_reviewed_historical_mapping_batch
FITB,IAT.US,2023-12-15,2023-12-15,approved,openrouter_reviewed_historical_mapping_batch
FMC,MOO.US,2023-01-26,2023-02-01,approved,openrouter_reviewed_historical_mapping_batch
GL,IAK.US,2023-01-05,2023-02-27,approved,openrouter_reviewed_historical_mapping_batch
HII,ITA.US,2023-01-03,2023-01-03,approved,openrouter_reviewed_historical_mapping_batch
HSY,PBJ.US,2023-01-03,2023-05-10,approved,openrouter_reviewed_historical_mapping_batch
IBM,XSW.US,2023-12-11,2023-12-15,approved,openrouter_reviewed_historical_mapping_batch
IDXX,PAWZ.US,2023-02-15,2023-03-27,approved,openrouter_reviewed_historical_mapping_batch
IEX,PAVE.US,2023-02-01,2023-02-06,approved,openrouter_reviewed_historical_mapping_batch
IPG,PBS.US,2023-02-06,2023-02-06,approved,openrouter_reviewed_historical_mapping_batch
IR,PAVE.US,2023-02-27,2023-02-27,approved,openrouter_reviewed_historical_mapping_batch
IT,XSW.US,2023-02-06,2023-12-11,approved,openrouter_reviewed_historical_mapping_batch
ITW,XLI.US,2023-02-06,2023-02-06,approved,openrouter_reviewed_historical_mapping_batch
KMX,XRT.US,2023-08-21,2023-09-20,approved,openrouter_reviewed_historical_mapping_batch
LDOS,PPA.US,2023-11-01,2023-12-05,approved,openrouter_reviewed_historical_mapping_batch
LIN,IYM.US,2023-02-10,2023-02-10,approved,openrouter_reviewed_historical_mapping_batch
LKQ,FTXR.US,2023-01-17,2023-04-03,approved,openrouter_reviewed_historical_mapping_batch
MCHP,SOXX.US,2023-02-15,2023-04-10,approved,openrouter_reviewed_historical_mapping_batch
MLM,PAVE.US,2023-07-03,2023-08-21,approved,openrouter_reviewed_historical_mapping_batch
MOH,IHF.US,2023-11-10,2023-11-15,approved,openrouter_reviewed_historical_mapping_batch
MPWR,SOXX.US,2023-03-20,2023-07-17,approved,openrouter_reviewed_historical_mapping_batch
MSCI,IAI.US,2023-03-20,2023-04-05,approved,openrouter_reviewed_historical_mapping_batch
MTD,IHI.US,2023-04-20,2023-04-20,approved,openrouter_reviewed_historical_mapping_batch
NOC,ITA.US,2023-01-05,2023-01-10,approved,openrouter_reviewed_historical_mapping_batch
NWSA,GGME.US,2023-11-06,2023-11-06,approved,openrouter_reviewed_historical_mapping_batch
ORLY,RTH.US,2023-01-10,2023-04-20,approved,openrouter_reviewed_historical_mapping_batch
OTIS,XHB.US,2023-02-27,2023-02-27,approved,openrouter_reviewed_historical_mapping_batch
PKG,WOOD.US,2023-11-06,2023-11-10,approved,openrouter_reviewed_historical_mapping_batch
PNW,XLU.US,2023-03-27,2023-03-27,approved,openrouter_reviewed_historical_mapping_batch
PTC,IGV.US,2023-01-10,2023-04-05,approved,openrouter_reviewed_historical_mapping_batch
PXD,IEO.US,2023-10-26,2023-10-26,approved,openrouter_reviewed_historical_mapping_batch
RL,,2023-04-17,2023-04-17,excluded,openrouter_reviewed_historical_mapping_batch
ROK,PAVE.US,2023-03-01,2023-04-05,approved,openrouter_reviewed_historical_mapping_batch
SJM,PBJ.US,2023-01-03,2023-01-10,approved,openrouter_reviewed_historical_mapping_batch
SNA,PAVE.US,2023-03-01,2023-04-05,approved,openrouter_reviewed_historical_mapping_batch
SPG,ICF.US,2023-12-15,2023-12-15,approved,openrouter_reviewed_historical_mapping_batch
STT,KCE.US,2023-02-01,2023-03-06,approved,openrouter_reviewed_historical_mapping_batch
T,IYZ.US,2023-02-01,2023-03-01,approved,openrouter_reviewed_historical_mapping_batch
TAP,PBJ.US,2023-07-10,2023-07-26,approved,openrouter_reviewed_historical_mapping_batch
TMUS,IYZ.US,2023-01-10,2023-01-26,approved,openrouter_reviewed_historical_mapping_batch
TTWO,GAMR.US,2023-05-26,2023-11-10,approved,openrouter_reviewed_historical_mapping_batch
USB,KBWB.US,2023-12-15,2023-12-15,approved,openrouter_reviewed_historical_mapping_batch
VICI,NETL.US,2023-03-01,2023-03-01,approved,openrouter_reviewed_historical_mapping_batch
VMC,PAVE.US,2023-08-15,2023-08-28,approved,openrouter_reviewed_historical_mapping_batch
VTRS,XPH.US,2023-02-21,2023-02-21,approved,openrouter_reviewed_historical_mapping_batch
WRB,KBWP.US,2023-01-03,2023-01-17,approved,openrouter_reviewed_historical_mapping_batch
XRAY,IHI.US,2023-04-10,2023-05-15,approved,openrouter_reviewed_historical_mapping_batch
ZBH,IHI.US,2023-04-20,2023-05-01,approved,openrouter_reviewed_historical_mapping_batch
ZION,IAT.US,2023-10-02,2023-10-02,approved,openrouter_reviewed_historical_mapping_batch
ACGL,IAK.US,2024-06-03,2024-06-03,approved,openrouter_reviewed_historical_mapping_batch
ADSK,IGV.US,2024-10-28,2024-10-28,approved,openrouter_reviewed_historical_mapping_batch
AFL,KIE.US,2024-08-05,2024-10-07,approved,openrouter_reviewed_historical_mapping_batch
AIZ,IAK.US,2024-01-02,2024-01-16,approved,openrouter_reviewed_historical_mapping_batch
APH,XTL.US,2024-05-28,2024-06-03,approved,openrouter_reviewed_historical_mapping_batch
AXP,IPAY.US,2024-04-22,2024-05-20,approved,openrouter_reviewed_historical_mapping_batch
BBY,RTH.US,2024-10-01,2024-10-07,approved,openrouter_reviewed_historical_mapping_batch
BSX,IHI.US,2024-05-06,2024-05-06,approved,openrouter_reviewed_historical_mapping_batch
CE,IYM.US,2024-01-02,2024-01-05,approved,openrouter_reviewed_historical_mapping_batch
CMI,CARZ.US,2024-12-10,2024-12-10,approved,openrouter_reviewed_historical_mapping_batch
COF,KBWB.US,2024-04-26,2024-04-26,approved,openrouter_reviewed_historical_mapping_batch
COR,IHF.US,2024-02-01,2024-02-05,approved,openrouter_reviewed_historical_mapping_batch
CPAY,IPAY.US,2024-11-15,2024-11-15,approved,openrouter_reviewed_historical_mapping_batch
CPT,REZ.US,2024-09-03,2024-09-05,approved,openrouter_reviewed_historical_mapping_batch
CTAS,XLI.US,2024-08-05,2024-08-05,approved,openrouter_reviewed_historical_mapping_batch
DAL,JETS.US,2024-05-06,2024-12-26,approved,openrouter_reviewed_historical_mapping_batch
DPZ,PEJ.US,2024-05-01,2024-05-01,approved,openrouter_reviewed_historical_mapping_batch
EBAY,IBUY.US,2024-08-05,2024-08-12,approved,openrouter_reviewed_historical_mapping_batch
FFIV,HACK.US,2024-11-01,2024-12-20,approved,openrouter_reviewed_historical_mapping_batch
FI,IPAY.US,2024-10-28,2024-12-02,approved,openrouter_reviewed_historical_mapping_batch
FITB,IAT.US,2024-04-22,2024-05-15,approved,openrouter_reviewed_historical_mapping_batch
FOXA,GGME.US,2024-11-15,2024-12-26,approved,openrouter_reviewed_historical_mapping_batch
GEN,HACK.US,2024-10-07,2024-11-05,approved,openrouter_reviewed_historical_mapping_batch
GILD,IBB.US,2024-10-28,2024-11-11,approved,openrouter_reviewed_historical_mapping_batch
GL,IAK.US,2024-09-20,2024-10-21,approved,openrouter_reviewed_historical_mapping_batch
GOOG,FDN.US,2024-01-05,2024-08-05,approved,openrouter_reviewed_historical_mapping_batch
GS,IAI.US,2024-08-12,2024-08-15,approved,openrouter_reviewed_historical_mapping_batch
HAS,PEJ.US,2024-09-05,2024-09-05,approved,openrouter_reviewed_historical_mapping_batch
HIG,KBWP.US,2024-08-05,2024-08-05,approved,openrouter_reviewed_historical_mapping_batch
HLT,PEJ.US,2024-02-05,2024-02-05,approved,openrouter_reviewed_historical_mapping_batch
IFF,IYM.US,2024-08-05,2024-08-05,approved,openrouter_reviewed_historical_mapping_batch
INCY,XBI.US,2024-11-11,2024-11-11,approved,openrouter_reviewed_historical_mapping_batch
IR,PAVE.US,2024-05-01,2024-05-01,approved,openrouter_reviewed_historical_mapping_batch
IT,XSW.US,2024-01-05,2024-01-22,approved,openrouter_reviewed_historical_mapping_batch
LMT,ITA.US,2024-08-12,2024-08-15,approved,openrouter_reviewed_historical_mapping_batch
LYV,PEJ.US,2024-11-26,2024-12-20,approved,openrouter_reviewed_historical_mapping_batch
MO,VICE.US,2024-08-05,2024-09-10,approved,openrouter_reviewed_historical_mapping_batch
MOH,IHF.US,2024-01-05,2024-01-05,approved,openrouter_reviewed_historical_mapping_batch
NWSA,GGME.US,2024-01-05,2024-01-05,approved,openrouter_reviewed_historical_mapping_batch
PCAR,CARZ.US,2024-04-05,2024-04-05,approved,openrouter_reviewed_historical_mapping_batch
PEG,XLU.US,2024-08-05,2024-10-07,approved,openrouter_reviewed_historical_mapping_batch
PH,PAVE.US,2024-04-05,2024-04-05,approved,openrouter_reviewed_historical_mapping_batch
PNR,PHO.US,2024-12-02,2024-12-05,approved,openrouter_reviewed_historical_mapping_batch
PNW,XLU.US,2024-08-05,2024-08-05,approved,openrouter_reviewed_historical_mapping_batch
RF,IAT.US,2024-12-10,2024-12-10,approved,openrouter_reviewed_historical_mapping_batch
RMD,IHI.US,2024-09-03,2024-09-05,approved,openrouter_reviewed_historical_mapping_batch
RTX,ITA.US,2024-08-01,2024-09-10,approved,openrouter_reviewed_historical_mapping_batch
SNPS,IGV.US,2024-01-05,2024-02-01,approved,openrouter_reviewed_historical_mapping_batch
SO,XLU.US,2024-08-05,2024-08-05,approved,openrouter_reviewed_historical_mapping_batch
TMUS,IYZ.US,2024-10-21,2024-11-15,approved,openrouter_reviewed_historical_mapping_batch
TRV,KBWP.US,2024-02-01,2024-02-05,approved,openrouter_reviewed_historical_mapping_batch
UNH,IHF.US,2024-09-05,2024-09-05,approved,openrouter_reviewed_historical_mapping_batch
VLTO,PHO.US,2024-08-05,2024-08-05,approved,openrouter_reviewed_historical_mapping_batch
VZ,IYZ.US,2024-02-01,2024-02-01,approved,openrouter_reviewed_historical_mapping_batch
WAB,IYT.US,2024-04-26,2024-05-01,approved,openrouter_reviewed_historical_mapping_batch
WBD,GGME.US,2024-12-16,2024-12-16,approved,openrouter_reviewed_historical_mapping_batch
WFC,KBWB.US,2024-04-22,2024-04-22,approved,openrouter_reviewed_historical_mapping_batch
WMT,RTH.US,2024-09-03,2024-12-20,approved,openrouter_reviewed_historical_mapping_batch
ZBRA,ROBO.US,2024-08-05,2024-08-05,approved,openrouter_reviewed_historical_mapping_batch
ZION,IAT.US,2024-01-16,2024-01-16,approved,openrouter_reviewed_historical_mapping_batch
ABBV,IHE.US,2025-10-20,2025-10-20,approved,openrouter_reviewed_historical_mapping_batch
AEE,XLU.US,2025-04-07,2025-04-07,approved,openrouter_reviewed_historical_mapping_batch
AJG,IAK.US,2025-04-15,2025-04-15,approved,openrouter_reviewed_historical_mapping_batch
ALLE,XHB.US,2025-07-28,2025-07-28,approved,openrouter_reviewed_historical_mapping_batch
APTV,CARZ.US,2025-09-10,2025-11-05,approved,openrouter_reviewed_historical_mapping_batch
ATO,XLU.US,2025-07-10,2025-07-10,approved,openrouter_reviewed_historical_mapping_batch
BKR,OIH.US,2025-02-05,2025-02-05,approved,openrouter_reviewed_historical_mapping_batch
BSX,IHI.US,2025-04-07,2025-04-07,approved,openrouter_reviewed_historical_mapping_batch
CBOE,IAI.US,2025-07-15,2025-07-15,approved,openrouter_reviewed_historical_mapping_batch
CBRE,XLRE.US,2025-01-02,2025-01-10,approved,openrouter_reviewed_historical_mapping_batch
CHRW,IYT.US,2025-11-17,2025-12-22,approved,openrouter_reviewed_historical_mapping_batch
COF,KBWB.US,2025-02-05,2025-08-15,approved,openrouter_reviewed_historical_mapping_batch
CTVA,MOO.US,2025-07-15,2025-07-15,approved,openrouter_reviewed_historical_mapping_batch
EVRG,XLU.US,2025-04-07,2025-10-20,approved,openrouter_reviewed_historical_mapping_batch
EXC,XLU.US,2025-04-21,2025-05-12,approved,openrouter_reviewed_historical_mapping_batch
F,CARZ.US,2025-07-15,2025-11-03,approved,openrouter_reviewed_historical_mapping_batch
GD,ITA.US,2025-10-20,2025-10-27,approved,openrouter_reviewed_historical_mapping_batch
GS,IAI.US,2025-09-10,2025-10-06,approved,openrouter_reviewed_historical_mapping_batch
HAS,PEJ.US,2025-07-07,2025-07-28,approved,openrouter_reviewed_historical_mapping_batch
INCY,XBI.US,2025-12-22,2025-12-26,approved,openrouter_reviewed_historical_mapping_batch
INTU,IGV.US,2025-07-21,2025-07-28,approved,openrouter_reviewed_historical_mapping_batch
JNJ,IHE.US,2025-10-15,2025-11-20,approved,openrouter_reviewed_historical_mapping_batch
LDOS,PPA.US,2025-11-03,2025-11-10,approved,openrouter_reviewed_historical_mapping_batch
LHX,ITA.US,2025-07-15,2025-10-20,approved,openrouter_reviewed_historical_mapping_batch
LULU,XRT.US,2025-01-10,2025-02-26,approved,openrouter_reviewed_historical_mapping_batch
MS,IAI.US,2025-02-05,2025-02-10,approved,openrouter_reviewed_historical_mapping_batch
MSFT,IGV.US,2025-08-11,2025-08-11,approved,openrouter_reviewed_historical_mapping_batch
NI,XLU.US,2025-04-07,2025-04-21,approved,openrouter_reviewed_historical_mapping_batch
NOC,ITA.US,2025-08-01,2025-10-10,approved,openrouter_reviewed_historical_mapping_batch
PARA,GGME.US,2025-07-10,2025-07-21,approved,openrouter_reviewed_historical_mapping_batch
PYPL,IPAY.US,2025-01-06,2025-01-21,approved,openrouter_reviewed_historical_mapping_batch
RJF,IAI.US,2025-01-10,2025-01-21,approved,openrouter_reviewed_historical_mapping_batch
ROK,PAVE.US,2025-08-20,2025-08-20,approved,openrouter_reviewed_historical_mapping_batch
ROL,,2025-06-10,2025-06-10,excluded,openrouter_reviewed_historical_mapping_batch
RSG,EVX.US,2025-04-07,2025-04-15,approved,openrouter_reviewed_historical_mapping_batch
SBAC,SRVR.US,2025-07-10,2025-07-10,approved,openrouter_reviewed_historical_mapping_batch
SCHW,IAI.US,2025-07-21,2025-07-21,approved,openrouter_reviewed_historical_mapping_batch
URI,PAVE.US,2025-08-20,2025-08-26,approved,openrouter_reviewed_historical_mapping_batch
V,IPAY.US,2025-03-05,2025-03-05,approved,openrouter_reviewed_historical_mapping_batch
WEC,XLU.US,2025-07-10,2025-07-15,approved,openrouter_reviewed_historical_mapping_batch
WFC,KBWB.US,2025-02-18,2025-03-20,approved,openrouter_reviewed_historical_mapping_batch
WRB,KBWP.US,2025-04-21,2025-07-10,approved,openrouter_reviewed_historical_mapping_batch
WSM,XHB.US,2025-10-20,2025-10-20,approved,openrouter_reviewed_historical_mapping_batch
AKAM,HACK.US,2026-05-15,2026-05-15,approved,openrouter_reviewed_historical_mapping_batch
CNC,IHF.US,2026-01-12,2026-01-15,approved,openrouter_reviewed_historical_mapping_batch
DOW,IYM.US,2026-03-16,2026-04-15,approved,openrouter_reviewed_historical_mapping_batch
DVA,IHF.US,2026-06-22,2026-06-22,approved,openrouter_reviewed_historical_mapping_batch
EXPE,PEJ.US,2026-01-02,2026-01-12,approved,openrouter_reviewed_historical_mapping_batch
FDX,IYT.US,2026-02-20,2026-02-20,approved,openrouter_reviewed_historical_mapping_batch
GM,CARZ.US,2026-01-02,2026-01-12,approved,openrouter_reviewed_historical_mapping_batch
HAL,OIH.US,2026-03-20,2026-03-20,approved,openrouter_reviewed_historical_mapping_batch
HPE,XTH.US,2026-06-22,2026-06-26,approved,openrouter_reviewed_historical_mapping_batch
LUV,JETS.US,2026-02-05,2026-02-20,approved,openrouter_reviewed_historical_mapping_batch
TPL,IEO.US,2026-03-10,2026-03-16,approved,openrouter_reviewed_historical_mapping_batch
TRGP,MLPX.US,2026-04-01,2026-04-06,approved,openrouter_reviewed_historical_mapping_batch
VRT,GRID.US,2026-05-26,2026-05-26,approved,openrouter_reviewed_historical_mapping_batch
VTRS,XPH.US,2026-01-02,2026-02-20,approved,openrouter_reviewed_historical_mapping_batch
